"from","to","value","study"
"lisinopril","irbesartan",1787877,"Meta"
"benazepril","methyldopa",84815,"Meta"
"spironolactone","olmesartan",118567,"Meta"
"amlodipine","diltiazem",676594,"Meta"
"labetalol","spironolactone",149448,"Meta"
"chlorthalidone","bisoprolol",35734,"Meta"
"benazepril","spironolactone",93398,"Meta"
"nebivolol","diltiazem",114793,"Meta"
"labetalol","metoprolol",760060,"Meta"
"felodipine","metoprolol",617870,"Meta"
"benazepril","ramipril",156401,"Meta"
"quinapril","lisinopril",1785521,"Meta"
"irbesartan","spironolactone",65095,"Meta"
"captopril","nifedipine",22176,"Meta"
"enalapril","candesartan",128541,"Meta"
"metoprolol","clonidine",754228,"Meta"
"carvedilol","spironolactone",92242,"Meta"
"olmesartan","felodipine",56414,"Meta"
"ramipril","bisoprolol",179662,"Meta"
"quinapril","enalapril",129605,"Meta"
"diltiazem","valsartan",225116,"Meta"
"hydralazine","enalapril",130446,"Meta"
"ramipril","olmesartan",279279,"Meta"
"terazosin","doxazosin",40488,"Meta"
"quinapril","propranolol",113983,"Meta"
"enalapril","benazepril",162422,"Meta"
"terazosin","metoprolol",671264,"Meta"
"carvedilol","labetalol",199020,"Meta"
"irbesartan","felodipine",46636,"Meta"
"olmesartan","losartan",421417,"Meta"
"irbesartan","chlorthalidone",74827,"Meta"
"diltiazem","nebivolol",114793,"Meta"
"irbesartan","fosinopril",49856,"Meta"
"enalapril","fosinopril",105419,"Meta"
"benazepril","prazosin",19685,"Meta"
"losartan","verapamil",365039,"Meta"
"prazosin","losartan",130961,"Meta"
"prazosin","fosinopril",5882,"Meta"
"fosinopril","indapamide",6811,"Meta"
"nebivolol","clonidine",116050,"Meta"
"terazosin","olmesartan",114168,"Meta"
"chlorthalidone","nadolol",47220,"Meta"
"nadolol","candesartan",22944,"Meta"
"atenolol","clonidine",378990,"Meta"
"nebivolol","spironolactone",82348,"Meta"
"bisoprolol","chlorthalidone",35734,"Meta"
"olmesartan","valsartan",255133,"Meta"
"hydralazine","quinapril",67261,"Meta"
"benazepril","candesartan",76770,"Meta"
"hydralazine","ramipril",105497,"Meta"
"captopril","verapamil",17225,"Meta"
"fosinopril","telmisartan",38074,"Meta"
"felodipine","atenolol",281112,"Meta"
"telmisartan","doxazosin",44935,"Meta"
"ramipril","hydrochlorothiazide",921317,"Meta"
"spironolactone","nadolol",37495,"Meta"
"prazosin","clonidine",36364,"Meta"
"benazepril","carvedilol",142108,"Meta"
"labetalol","indapamide",40220,"Meta"
"spironolactone","lisinopril",1777222,"Meta"
"enalapril","carvedilol",177036,"Meta"
"bisoprolol","enalapril",112129,"Meta"
"terazosin","methyldopa",35208,"Meta"
"terazosin","captopril",9070,"Meta"
"candesartan","fosinopril",24608,"Meta"
"furosemide","prazosin",82628,"Meta"
"ramipril","nebivolol",193092,"Meta"
"labetalol","telmisartan",148347,"Meta"
"azilsartan","candesartan",14835,"Meta"
"ramipril","enalapril",299175,"Meta"
"nadolol","bisoprolol",13715,"Meta"
"spironolactone","verapamil",75237,"Meta"
"quinapril","nadolol",46468,"Meta"
"diltiazem","felodipine",84571,"Meta"
"benazepril","terazosin",81969,"Meta"
"atenolol","captopril",89607,"Meta"
"irbesartan","losartan",346791,"Meta"
"bisoprolol","metoprolol",498313,"Meta"
"nebivolol","bisoprolol",55752,"Meta"
"verapamil","ramipril",155036,"Meta"
"hydralazine","chlorthalidone",75232,"Meta"
"indapamide","losartan",104806,"Meta"
"candesartan","benazepril",76770,"Meta"
"doxazosin","propranolol",102003,"Meta"
"lisinopril","propranolol",1971628,"Meta"
"carvedilol","terazosin",88430,"Meta"
"ramipril","clonidine",178156,"Meta"
"bisoprolol","prazosin",6502,"Meta"
"nifedipine","enalapril",189931,"Meta"
"metoprolol","atenolol",971255,"Meta"
"hydrochlorothiazide","verapamil",779601,"Meta"
"nifedipine","bisoprolol",64657,"Meta"
"labetalol","verapamil",170288,"Meta"
"doxazosin","chlorthalidone",55770,"Meta"
"enalapril","felodipine",102188,"Meta"
"diltiazem","benazepril",148880,"Meta"
"enalapril","metoprolol",811422,"Meta"
"furosemide","benazepril",246165,"Meta"
"spironolactone","clonidine",97634,"Meta"
"captopril","metoprolol",173855,"Meta"
"prazosin","doxazosin",9369,"Meta"
"carvedilol","ramipril",173884,"Meta"
"losartan","bisoprolol",244607,"Meta"
"hydrochlorothiazide","nifedipine",851418,"Meta"
"methyldopa","bisoprolol",52683,"Meta"
"bisoprolol","indapamide",5439,"Meta"
"spironolactone","candesartan",39828,"Meta"
"fosinopril","carvedilol",77002,"Meta"
"propranolol","hydrochlorothiazide",857505,"Meta"
"lisinopril","clonidine",1966211,"Meta"
"metoprolol","hydrochlorothiazide",1475011,"Meta"
"spironolactone","carvedilol",92242,"Meta"
"hydrochlorothiazide","diltiazem",848456,"Meta"
"nadolol","labetalol",132467,"Meta"
"diltiazem","irbesartan",113746,"Meta"
"nadolol","ramipril",107443,"Meta"
"carvedilol","methyldopa",84132,"Meta"
"amlodipine","irbesartan",614544,"Meta"
"candesartan","methyldopa",46197,"Meta"
"nebivolol","candesartan",36861,"Meta"
"felodipine","spironolactone",35937,"Meta"
"nifedipine","olmesartan",181245,"Meta"
"nadolol","benazepril",54521,"Meta"
"furosemide","fosinopril",176151,"Meta"
"terazosin","furosemide",203644,"Meta"
"propranolol","verapamil",131151,"Meta"
"bisoprolol","clonidine",60872,"Meta"
"fosinopril","terazosin",28095,"Meta"
"olmesartan","clonidine",167977,"Meta"
"telmisartan","irbesartan",78572,"Meta"
"chlorthalidone","hydrochlorothiazide",731637,"Meta"
"propranolol","fosinopril",89793,"Meta"
"spironolactone","quinapril",63344,"Meta"
"valsartan","candesartan",183108,"Meta"
"clonidine","prazosin",36364,"Meta"
"irbesartan","nebivolol",80699,"Meta"
"candesartan","nicardipine",12998,"Meta"
"telmisartan","quinapril",62262,"Meta"
"benazepril","atenolol",324022,"Meta"
"chlorthalidone","indapamide",16624,"Meta"
"hydralazine","spironolactone",65532,"Meta"
"irbesartan","prazosin",13026,"Meta"
"olmesartan","doxazosin",109751,"Meta"
"propranolol","atenolol",394186,"Meta"
"captopril","losartan",71976,"Meta"
"nadolol","spironolactone",37495,"Meta"
"ramipril","nifedipine",175779,"Meta"
"metoprolol","candesartan",657873,"Meta"
"diltiazem","verapamil",134497,"Meta"
"nadolol","amlodipine",540267,"Meta"
"methyldopa","nifedipine",86894,"Meta"
"clonidine","nebivolol",116049,"Meta"
"losartan","fosinopril",311860,"Meta"
"labetalol","captopril",21056,"Meta"
"nebivolol","fosinopril",20961,"Meta"
"valsartan","nifedipine",226766,"Meta"
"candesartan","telmisartan",73536,"Meta"
"nifedipine","nadolol",78102,"Meta"
"losartan","furosemide",540541,"Meta"
"nifedipine","clonidine",160054,"Meta"
"lisinopril","felodipine",1757755,"Meta"
"diltiazem","telmisartan",101957,"Meta"
"propranolol","furosemide",307715,"Meta"
"diltiazem","ramipril",188351,"Meta"
"hydrochlorothiazide","methyldopa",720234,"Meta"
"verapamil","felodipine",56772,"Meta"
"terazosin","carvedilol",88430,"Meta"
"felodipine","benazepril",41728,"Meta"
"doxazosin","metoprolol",674117,"Meta"
"olmesartan","verapamil",137092,"Meta"
"nebivolol","verapamil",92228,"Meta"
"ramipril","losartan",418944,"Meta"
"nebivolol","atenolol",234950,"Meta"
"enalapril","valsartan",259147,"Meta"
"enalapril","diltiazem",190322,"Meta"
"bisoprolol","nifedipine",64657,"Meta"
"clonidine","atenolol",378990,"Meta"
"ramipril","irbesartan",135039,"Meta"
"methyldopa","verapamil",67110,"Meta"
"quinapril","metoprolol",645468,"Meta"
"carvedilol","metoprolol",746580,"Meta"
"candesartan","hydrochlorothiazide",723401,"Meta"
"valsartan","felodipine",89150,"Meta"
"valsartan","fosinopril",145992,"Meta"
"clonidine","felodipine",79148,"Meta"
"telmisartan","fosinopril",38074,"Meta"
"indapamide","irbesartan",19063,"Meta"
"hydralazine","clonidine",123902,"Meta"
"candesartan","nebivolol",36861,"Meta"
"doxazosin","bisoprolol",17886,"Meta"
"olmesartan","hydrochlorothiazide",817407,"Meta"
"olmesartan","nicardipine",12264,"Meta"
"terazosin","diltiazem",102886,"Meta"
"chlorthalidone","candesartan",49564,"Meta"
"methyldopa","clonidine",89513,"Meta"
"irbesartan","furosemide",202098,"Meta"
"felodipine","bisoprolol",11753,"Meta"
"carvedilol","quinapril",101182,"Meta"
"captopril","nadolol",5780,"Meta"
"lisinopril","diltiazem",1971874,"Meta"
"hydrochlorothiazide","labetalol",857597,"Meta"
"prazosin","nadolol",6704,"Meta"
"furosemide","telmisartan",190323,"Meta"
"spironolactone","methyldopa",46288,"Meta"
"amlodipine","spironolactone",557507,"Meta"
"nebivolol","hydralazine",91086,"Meta"
"spironolactone","atenolol",299619,"Meta"
"metoprolol","olmesartan",761488,"Meta"
"olmesartan","azilsartan",14672,"Meta"
"valsartan","olmesartan",255133,"Meta"
"amlodipine","indapamide",187003,"Meta"
"olmesartan","diltiazem",175866,"Meta"
"verapamil","olmesartan",137092,"Meta"
"indapamide","fosinopril",6811,"Meta"
"valsartan","doxazosin",153176,"Meta"
"fosinopril","bisoprolol",13742,"Meta"
"labetalol","quinapril",158351,"Meta"
"hydralazine","nadolol",53218,"Meta"
"telmisartan","losartan",340538,"Meta"
"indapamide","enalapril",35887,"Meta"
"hydrochlorothiazide","prazosin",219041,"Meta"
"amlodipine","quinapril",566173,"Meta"
"carvedilol","clonidine",154394,"Meta"
"captopril","hydrochlorothiazide",192504,"Meta"
"bisoprolol","losartan",244603,"Meta"
"felodipine","hydralazine",49622,"Meta"
"indapamide","candesartan",7430,"Meta"
"methyldopa","atenolol",291412,"Meta"
"nadolol","hydralazine",53218,"Meta"
"indapamide","nifedipine",29825,"Meta"
"atenolol","losartan",629181,"Meta"
"ramipril","indapamide",41972,"Meta"
"nebivolol","furosemide",192886,"Meta"
"benazepril","losartan",379008,"Meta"
"irbesartan","propranolol",115749,"Meta"
"losartan","terazosin",332851,"Meta"
"terazosin","indapamide",6766,"Meta"
"hydrochlorothiazide","olmesartan",817407,"Meta"
"quinapril","furosemide",200362,"Meta"
"telmisartan","hydrochlorothiazide",727387,"Meta"
"clonidine","bisoprolol",60872,"Meta"
"carvedilol","losartan",392626,"Meta"
"azilsartan","bisoprolol",9911,"Meta"
"methyldopa","losartan",319173,"Meta"
"metoprolol","amlodipine",1312629,"Meta"
"nadolol","diltiazem",86147,"Meta"
"chlorthalidone","propranolol",114801,"Meta"
"irbesartan","clonidine",108325,"Meta"
"furosemide","methyldopa",183242,"Meta"
"clonidine","methyldopa",89513,"Meta"
"valsartan","amlodipine",772433,"Meta"
"doxazosin","nifedipine",91898,"Meta"
"methyldopa","enalapril",125709,"Meta"
"metoprolol","furosemide",894588,"Meta"
"verapamil","carvedilol",120036,"Meta"
"losartan","nicardipine",6666,"Meta"
"quinapril","spironolactone",63344,"Meta"
"labetalol","ramipril",219419,"Meta"
"valsartan","nadolol",144826,"Meta"
"diltiazem","losartan",405869,"Meta"
"metoprolol","torsemide",29016,"Meta"
"nebivolol","enalapril",138365,"Meta"
"spironolactone","fosinopril",39159,"Meta"
"clonidine","hydrochlorothiazide",842783,"Meta"
"nebivolol","irbesartan",80699,"Meta"
"labetalol","amlodipine",687186,"Meta"
"irbesartan","benazepril",99975,"Meta"
"labetalol","irbesartan",160141,"Meta"
"doxazosin","enalapril",121937,"Meta"
"nifedipine","felodipine",76531,"Meta"
"irbesartan","captopril",13921,"Meta"
"nadolol","furosemide",174475,"Meta"
"labetalol","furosemide",330841,"Meta"
"felodipine","candesartan",21379,"Meta"
"telmisartan","terazosin",42208,"Meta"
"candesartan","labetalol",134882,"Meta"
"carvedilol","bisoprolol",54066,"Meta"
"nadolol","atenolol",282682,"Meta"
"benazepril","doxazosin",84119,"Meta"
"losartan","labetalol",435013,"Meta"
"hydralazine","prazosin",41466,"Meta"
"doxazosin","verapamil",72051,"Meta"
"atenolol","telmisartan",298531,"Meta"
"losartan","hydrochlorothiazide",1092539,"Meta"
"propranolol","felodipine",86552,"Meta"
"clonidine","quinapril",106566,"Meta"
"fosinopril","candesartan",24608,"Meta"
"telmisartan","carvedilol",91141,"Meta"
"felodipine","carvedilol",73758,"Meta"
"benazepril","nebivolol",107203,"Meta"
"losartan","metoprolol",992508,"Meta"
"propranolol","enalapril",196049,"Meta"
"chlorthalidone","captopril",10354,"Meta"
"bisoprolol","propranolol",63314,"Meta"
"ramipril","spironolactone",124355,"Meta"
"nadolol","chlorthalidone",47220,"Meta"
"terazosin","chlorthalidone",52992,"Meta"
"telmisartan","metoprolol",661794,"Meta"
"candesartan","olmesartan",137608,"Meta"
"diltiazem","olmesartan",175866,"Meta"
"clonidine","metoprolol",754228,"Meta"
"furosemide","valsartan",325481,"Meta"
"candesartan","propranolol",90486,"Meta"
"diltiazem","hydralazine",116601,"Meta"
"olmesartan","nadolol",101786,"Meta"
"benazepril","clonidine",142430,"Meta"
"verapamil","benazepril",109520,"Meta"
"felodipine","terazosin",24863,"Meta"
"nadolol","valsartan",144826,"Meta"
"enalapril","irbesartan",131352,"Meta"
"lisinopril","nebivolol",1599133,"Meta"
"doxazosin","atenolol",312044,"Meta"
"terazosin","candesartan",28746,"Meta"
"candesartan","quinapril",48799,"Meta"
"furosemide","hydralazine",215181,"Meta"
"hydrochlorothiazide","lisinopril",2670363,"Meta"
"telmisartan","diltiazem",101957,"Meta"
"losartan","captopril",71976,"Meta"
"indapamide","quinapril",14828,"Meta"
"felodipine","indapamide",5124,"Meta"
"hydrochlorothiazide","enalapril",888615,"Meta"
"irbesartan","candesartan",65286,"Meta"
"nebivolol","nifedipine",110691,"Meta"
"methyldopa","doxazosin",37934,"Meta"
"terazosin","valsartan",161177,"Meta"
"ramipril","captopril",40357,"Meta"
"enalapril","quinapril",129605,"Meta"
"bisoprolol","spironolactone",26000,"Meta"
"spironolactone","bisoprolol",26000,"Meta"
"lisinopril","candesartan",1781699,"Meta"
"bisoprolol","hydralazine",52515,"Meta"
"nifedipine","quinapril",103951,"Meta"
"amlodipine","carvedilol",663240,"Meta"
"atenolol","olmesartan",368057,"Meta"
"methyldopa","furosemide",183242,"Meta"
"prazosin","benazepril",19739,"Meta"
"verapamil","captopril",17225,"Meta"
"lisinopril","spironolactone",1777222,"Meta"
"irbesartan","labetalol",160141,"Meta"
"metoprolol","captopril",173855,"Meta"
"terazosin","irbesartan",53982,"Meta"
"spironolactone","benazepril",93398,"Meta"
"enalapril","hydrochlorothiazide",888615,"Meta"
"azilsartan","valsartan",11577,"Meta"
"propranolol","irbesartan",115749,"Meta"
"telmisartan","atenolol",298531,"Meta"
"olmesartan","quinapril",121963,"Meta"
"felodipine","hydrochlorothiazide",703111,"Meta"
"labetalol","valsartan",256700,"Meta"
"doxazosin","ramipril",125890,"Meta"
"fosinopril","nifedipine",79759,"Meta"
"nadolol","irbesartan",48198,"Meta"
"hydralazine","felodipine",51287,"Meta"
"amlodipine","atenolol",919442,"Meta"
"irbesartan","valsartan",183589,"Meta"
"olmesartan","nebivolol",122329,"Meta"
"doxazosin","carvedilol",90899,"Meta"
"ramipril","labetalol",219419,"Meta"
"doxazosin","amlodipine",584544,"Meta"
"nebivolol","prazosin",21147,"Meta"
"prazosin","verapamil",22429,"Meta"
"furosemide","diltiazem",307931,"Meta"
"felodipine","verapamil",56772,"Meta"
"lisinopril","ramipril",2020270,"Meta"
"propranolol","telmisartan",103954,"Meta"
"losartan","prazosin",130961,"Meta"
"quinapril","captopril",17597,"Meta"
"lisinopril","carvedilol",1958527,"Meta"
"candesartan","losartan",327497,"Meta"
"prazosin","lisinopril",654859,"Meta"
"losartan","nifedipine",419194,"Meta"
"nifedipine","metoprolol",752333,"Meta"
"irbesartan","bisoprolol",41300,"Meta"
"terazosin","labetalol",138234,"Meta"
"lisinopril","losartan",2204475,"Meta"
"carvedilol","nadolol",75337,"Meta"
"felodipine","ramipril",105875,"Meta"
"diltiazem","chlorthalidone",112791,"Meta"
"chlorthalidone","methyldopa",56026,"Meta"
"doxazosin","lisinopril",1846290,"Meta"
"valsartan","nicardipine",9821,"Meta"
"lisinopril","telmisartan",1785608,"Meta"
"indapamide","doxazosin",7461,"Meta"
"verapamil","losartan",365039,"Meta"
"benazepril","hydralazine",93833,"Meta"
"quinapril","labetalol",158351,"Meta"
"furosemide","verapamil",235326,"Meta"
"benazepril","furosemide",246165,"Meta"
"telmisartan","lisinopril",1785608,"Meta"
"diltiazem","prazosin",35204,"Meta"
"captopril","propranolol",23672,"Meta"
"quinapril","amlodipine",566173,"Meta"
"hydralazine","nebivolol",91085,"Meta"
"clonidine","telmisartan",96517,"Meta"
"doxazosin","labetalol",141087,"Meta"
"fosinopril","clonidine",82387,"Meta"
"valsartan","captopril",47009,"Meta"
"lisinopril","valsartan",1976081,"Meta"
"furosemide","chlorthalidone",201142,"Meta"
"bisoprolol","carvedilol",54039,"Meta"
"benazepril","lisinopril",1848654,"Meta"
"clonidine","doxazosin",95084,"Meta"
"propranolol","ramipril",184997,"Meta"
"valsartan","telmisartan",186904,"Meta"
"hydralazine","labetalol",173835,"Meta"
"felodipine","losartan",308587,"Meta"
"bisoprolol","furosemide",122844,"Meta"
"ramipril","telmisartan",209246,"Meta"
"olmesartan","nifedipine",181245,"Meta"
"azilsartan","olmesartan",14672,"Meta"
"quinapril","irbesartan",74034,"Meta"
"olmesartan","fosinopril",101976,"Meta"
"diltiazem","candesartan",88486,"Meta"
"irbesartan","amlodipine",614544,"Meta"
"irbesartan","hydralazine",72676,"Meta"
"doxazosin","olmesartan",109751,"Meta"
"indapamide","atenolol",94505,"Meta"
"captopril","ramipril",40357,"Meta"
"felodipine","diltiazem",84571,"Meta"
"quinapril","hydralazine",67261,"Meta"
"enalapril","doxazosin",121937,"Meta"
"verapamil","nadolol",58322,"Meta"
"losartan","atenolol",629181,"Meta"
"indapamide","metoprolol",192987,"Meta"
"hydralazine","carvedilol",113754,"Meta"
"metoprolol","losartan",992508,"Meta"
"valsartan","labetalol",256700,"Meta"
"nifedipine","propranolol",173623,"Meta"
"candesartan","chlorthalidone",49564,"Meta"
"telmisartan","benazepril",91061,"Meta"
"olmesartan","metoprolol",761488,"Meta"
"valsartan","furosemide",325481,"Meta"
"hydrochlorothiazide","doxazosin",750426,"Meta"
"chlorthalidone","nifedipine",104761,"Meta"
"hydrochlorothiazide","nebivolol",584420,"Meta"
"olmesartan","prazosin",23129,"Meta"
"indapamide","lisinopril",651566,"Meta"
"felodipine","doxazosin",27583,"Meta"
"olmesartan","irbesartan",142224,"Meta"
"hydrochlorothiazide","valsartan",878008,"Meta"
"bisoprolol","amlodipine",483015,"Meta"
"nadolol","carvedilol",75337,"Meta"
"bisoprolol","quinapril",27752,"Meta"
"metoprolol","nifedipine",752333,"Meta"
"methyldopa","nadolol",29413,"Meta"
"chlorthalidone","metoprolol",646409,"Meta"
"diltiazem","metoprolol",759907,"Meta"
"doxazosin","furosemide",206167,"Meta"
"methyldopa","propranolol",96928,"Meta"
"amlodipine","nicardipine",45258,"Meta"
"nadolol","clonidine",80709,"Meta"
"atenolol","amlodipine",919442,"Meta"
"terazosin","atenolol",309564,"Meta"
"quinapril","losartan",336109,"Meta"
"fosinopril","doxazosin",30814,"Meta"
"diltiazem","nifedipine",165701,"Meta"
"enalapril","lisinopril",2006551,"Meta"
"hydrochlorothiazide","indapamide",290743,"Meta"
"hydrochlorothiazide","propranolol",857505,"Meta"
"metoprolol","hydralazine",520616,"Meta"
"methyldopa","irbesartan",56989,"Meta"
"irbesartan","indapamide",19063,"Meta"
"enalapril","ramipril",299175,"Meta"
"felodipine","chlorthalidone",45651,"Meta"
"prazosin","candesartan",6081,"Meta"
"benazepril","fosinopril",75683,"Meta"
"chlorthalidone","quinapril",73063,"Meta"
"verapamil","furosemide",235326,"Meta"
"bisoprolol","felodipine",11753,"Meta"
"verapamil","fosinopril",60006,"Meta"
"spironolactone","irbesartan",65095,"Meta"
"doxazosin","fosinopril",30814,"Meta"
"metoprolol","lisinopril",2602043,"Meta"
"hydralazine","methyldopa",59606,"Meta"
"prazosin","ramipril",22925,"Meta"
"indapamide","ramipril",41972,"Meta"
"candesartan","enalapril",128541,"Meta"
"lisinopril","nadolol",1759485,"Meta"
"verapamil","doxazosin",72051,"Meta"
"methyldopa","spironolactone",46288,"Meta"
"benazepril","hydrochlorothiazide",752292,"Meta"
"irbesartan","methyldopa",56989,"Meta"
"nadolol","nifedipine",78102,"Meta"
"captopril","doxazosin",10132,"Meta"
"hydralazine","hydrochlorothiazide",599535,"Meta"
"atenolol","labetalol",409894,"Meta"
"enalapril","verapamil",151084,"Meta"
"prazosin","nebivolol",21212,"Meta"
"spironolactone","telmisartan",53295,"Meta"
"captopril","chlorthalidone",10354,"Meta"
"methyldopa","ramipril",202372,"Meta"
"carvedilol","furosemide",294640,"Meta"
"ramipril","verapamil",155036,"Meta"
"valsartan","azilsartan",11577,"Meta"
"propranolol","carvedilol",159843,"Meta"
"carvedilol","nifedipine",152446,"Meta"
"prazosin","amlodipine",204758,"Meta"
"losartan","amlodipine",986968,"Meta"
"hydrochlorothiazide","losartan",1092539,"Meta"
"prazosin","spironolactone",12772,"Meta"
"lisinopril","torsemide",12197,"Meta"
"clonidine","chlorthalidone",107369,"Meta"
"fosinopril","losartan",311860,"Meta"
"carvedilol","lisinopril",1958527,"Meta"
"fosinopril","benazepril",75683,"Meta"
"propranolol","spironolactone",105058,"Meta"
"amlodipine","labetalol",687186,"Meta"
"furosemide","doxazosin",206167,"Meta"
"amlodipine","torsemide",18860,"Meta"
"carvedilol","hydrochlorothiazide",835104,"Meta"
"enalapril","torsemide",15710,"Meta"
"valsartan","losartan",467559,"Meta"
"olmesartan","carvedilol",165284,"Meta"
"chlorthalidone","spironolactone",64133,"Meta"
"nifedipine","prazosin",23897,"Meta"
"methyldopa","fosinopril",31062,"Meta"
"bisoprolol","diltiazem",58115,"Meta"
"furosemide","metoprolol",894588,"Meta"
"atenolol","verapamil",341189,"Meta"
"candesartan","indapamide",7430,"Meta"
"methyldopa","carvedilol",84132,"Meta"
"chlorthalidone","amlodipine",567305,"Meta"
"diltiazem","captopril",26876,"Meta"
"terazosin","nadolol",26314,"Meta"
"propranolol","nebivolol",122725,"Meta"
"chlorthalidone","verapamil",84962,"Meta"
"olmesartan","bisoprolol",113236,"Meta"
"terazosin","quinapril",52280,"Meta"
"felodipine","quinapril",44902,"Meta"
"atenolol","bisoprolol",191899,"Meta"
"indapamide","telmisartan",14030,"Meta"
"amlodipine","bisoprolol",483015,"Meta"
"doxazosin","clonidine",95162,"Meta"
"losartan","olmesartan",421417,"Meta"
"felodipine","nadolol",19063,"Meta"
"captopril","fosinopril",7416,"Meta"
"quinapril","olmesartan",121963,"Meta"
"diltiazem","propranolol",173055,"Meta"
"methyldopa","candesartan",46197,"Meta"
"captopril","quinapril",17597,"Meta"
"olmesartan","labetalol",213439,"Meta"
"quinapril","nebivolol",75350,"Meta"
"atenolol","ramipril",395039,"Meta"
"candesartan","lisinopril",1781699,"Meta"
"fosinopril","metoprolol",621197,"Meta"
"bisoprolol","nadolol",13704,"Meta"
"losartan","carvedilol",392626,"Meta"
"lisinopril","doxazosin",1846290,"Meta"
"diltiazem","lisinopril",1971874,"Meta"
"chlorthalidone","lisinopril",1787086,"Meta"
"telmisartan","olmesartan",141831,"Meta"
"metoprolol","indapamide",192987,"Meta"
"diltiazem","quinapril",112006,"Meta"
"nadolol","indapamide",5961,"Meta"
"carvedilol","doxazosin",90899,"Meta"
"enalapril","furosemide",324969,"Meta"
"hydrochlorothiazide","hydralazine",599535,"Meta"
"doxazosin","indapamide",7446,"Meta"
"indapamide","terazosin",6781,"Meta"
"carvedilol","nebivolol",117783,"Meta"
"carvedilol","indapamide",20225,"Meta"
"labetalol","bisoprolol",110325,"Meta"
"candesartan","ramipril",205293,"Meta"
"amlodipine","furosemide",811273,"Meta"
"telmisartan","nifedipine",110429,"Meta"
"hydrochlorothiazide","felodipine",703111,"Meta"
"nebivolol","ramipril",193092,"Meta"
"enalapril","captopril",31116,"Meta"
"spironolactone","losartan",327368,"Meta"
"hydralazine","bisoprolol",52515,"Meta"
"fosinopril","olmesartan",101976,"Meta"
"captopril","atenolol",89607,"Meta"
"terazosin","nifedipine",89973,"Meta"
"quinapril","valsartan",168923,"Meta"
"valsartan","chlorthalidone",171573,"Meta"
"nadolol","nebivolol",21881,"Meta"
"methyldopa","hydrochlorothiazide",720234,"Meta"
"amlodipine","nebivolol",532405,"Meta"
"irbesartan","doxazosin",56733,"Meta"
"metoprolol","nadolol",619537,"Meta"
"verapamil","indapamide",16494,"Meta"
"nifedipine","losartan",419194,"Meta"
"amlodipine","hydralazine",475482,"Meta"
"losartan","irbesartan",346791,"Meta"
"labetalol","candesartan",134882,"Meta"
"captopril","furosemide",50418,"Meta"
"labetalol","fosinopril",134148,"Meta"
"nifedipine","fosinopril",79759,"Meta"
"telmisartan","amlodipine",625388,"Meta"
"enalapril","atenolol",410516,"Meta"
"doxazosin","nadolol",29145,"Meta"
"captopril","felodipine",6181,"Meta"
"lisinopril","olmesartan",1912922,"Meta"
"metoprolol","bisoprolol",498313,"Meta"
"nadolol","telmisartan",36410,"Meta"
"atenolol","methyldopa",291412,"Meta"
"chlorthalidone","nebivolol",94673,"Meta"
"telmisartan","felodipine",34848,"Meta"
"telmisartan","azilsartan",15302,"Meta"
"lisinopril","verapamil",1875522,"Meta"
"methyldopa","amlodipine",565280,"Meta"
"telmisartan","hydralazine",63308,"Meta"
"labetalol","olmesartan",213439,"Meta"
"spironolactone","nebivolol",82348,"Meta"
"nebivolol","chlorthalidone",94673,"Meta"
"nifedipine","valsartan",226766,"Meta"
"valsartan","torsemide",11711,"Meta"
"ramipril","carvedilol",173884,"Meta"
"prazosin","felodipine",5585,"Meta"
"captopril","lisinopril",450084,"Meta"
"felodipine","valsartan",89150,"Meta"
"bisoprolol","methyldopa",52683,"Meta"
"metoprolol","benazepril",685715,"Meta"
"furosemide","nifedipine",300367,"Meta"
"nebivolol","carvedilol",117783,"Meta"
"labetalol","diltiazem",208621,"Meta"
"valsartan","lisinopril",1976081,"Meta"
"propranolol","chlorthalidone",114801,"Meta"
"propranolol","bisoprolol",63314,"Meta"
"valsartan","terazosin",161177,"Meta"
"captopril","carvedilol",20109,"Meta"
"clonidine","irbesartan",108309,"Meta"
"telmisartan","valsartan",186904,"Meta"
"hydralazine","amlodipine",475482,"Meta"
"verapamil","candesartan",60664,"Meta"
"clonidine","indapamide",23447,"Meta"
"furosemide","amlodipine",811273,"Meta"
"clonidine","lisinopril",1966211,"Meta"
"enalapril","labetalol",226705,"Meta"
"losartan","valsartan",467559,"Meta"
"furosemide","propranolol",307715,"Meta"
"diltiazem","atenolol",384645,"Meta"
"captopril","amlodipine",145903,"Meta"
"hydrochlorothiazide","chlorthalidone",731637,"Meta"
"verapamil","spironolactone",75237,"Meta"
"carvedilol","chlorthalidone",101991,"Meta"
"clonidine","enalapril",184667,"Meta"
"hydrochlorothiazide","metoprolol",1475011,"Meta"
"carvedilol","telmisartan",91141,"Meta"
"telmisartan","nebivolol",80669,"Meta"
"benazepril","nifedipine",139194,"Meta"
"indapamide","nadolol",5968,"Meta"
"diltiazem","doxazosin",105348,"Meta"
"nadolol","terazosin",26420,"Meta"
"furosemide","terazosin",203628,"Meta"
"carvedilol","amlodipine",663240,"Meta"
"quinapril","methyldopa",55242,"Meta"
"nebivolol","metoprolol",563741,"Meta"
"quinapril","doxazosin",55003,"Meta"
"benazepril","amlodipine",610264,"Meta"
"valsartan","atenolol",428075,"Meta"
"quinapril","benazepril",91504,"Meta"
"bisoprolol","olmesartan",113236,"Meta"
"methyldopa","nebivolol",79543,"Meta"
"indapamide","labetalol",40195,"Meta"
"irbesartan","quinapril",74034,"Meta"
"quinapril","terazosin",52280,"Meta"
"quinapril","hydrochlorothiazide",730656,"Meta"
"nebivolol","hydrochlorothiazide",584420,"Meta"
"clonidine","labetalol",207746,"Meta"
"spironolactone","metoprolol",636629,"Meta"
"propranolol","doxazosin",102003,"Meta"
"valsartan","prazosin",41560,"Meta"
"indapamide","spironolactone",12132,"Meta"
"diltiazem","carvedilol",159994,"Meta"
"diltiazem","methyldopa",94923,"Meta"
"ramipril","hydralazine",105464,"Meta"
"amlodipine","nifedipine",748082,"Meta"
"irbesartan","carvedilol",102942,"Meta"
"labetalol","nebivolol",171427,"Meta"
"azilsartan","irbesartan",10901,"Meta"
"prazosin","atenolol",96321,"Meta"
"captopril","diltiazem",26876,"Meta"
"terazosin","felodipine",24863,"Meta"
"prazosin","quinapril",11883,"Meta"
"olmesartan","hydralazine",106818,"Meta"
"fosinopril","hydrochlorothiazide",706462,"Meta"
"olmesartan","telmisartan",141831,"Meta"
"ramipril","chlorthalidone",134083,"Meta"
"olmesartan","atenolol",368057,"Meta"
"ramipril","valsartan",335374,"Meta"
"chlorthalidone","felodipine",45651,"Meta"
"prazosin","hydrochlorothiazide",219041,"Meta"
"clonidine","hydralazine",123902,"Meta"
"candesartan","diltiazem",88486,"Meta"
"felodipine","enalapril",102188,"Meta"
"propranolol","valsartan",222898,"Meta"
"methyldopa","metoprolol",654606,"Meta"
"lisinopril","benazepril",1848654,"Meta"
"labetalol","carvedilol",199020,"Meta"
"methyldopa","captopril",8215,"Meta"
"hydralazine","indapamide",9998,"Meta"
"amlodipine","telmisartan",625388,"Meta"
"spironolactone","hydralazine",65532,"Meta"
"furosemide","irbesartan",202098,"Meta"
"fosinopril","diltiazem",87811,"Meta"
"amlodipine","clonidine",670923,"Meta"
"clonidine","nadolol",80709,"Meta"
"verapamil","amlodipine",613720,"Meta"
"indapamide","felodipine",5123,"Meta"
"hydrochlorothiazide","spironolactone",721898,"Meta"
"furosemide","bisoprolol",122844,"Meta"
"prazosin","furosemide",82628,"Meta"
"nebivolol","valsartan",149077,"Meta"
"nadolol","enalapril",103736,"Meta"
"enalapril","terazosin",119480,"Meta"
"candesartan","doxazosin",31467,"Meta"
"chlorthalidone","clonidine",107370,"Meta"
"clonidine","losartan",400226,"Meta"
"telmisartan","nadolol",36378,"Meta"
"furosemide","spironolactone",191411,"Meta"
"candesartan","metoprolol",657873,"Meta"
"bisoprolol","telmisartan",69711,"Meta"
"spironolactone","enalapril",120666,"Meta"
"candesartan","felodipine",21379,"Meta"
"enalapril","nadolol",103736,"Meta"
"metoprolol","enalapril",811422,"Meta"
"chlorthalidone","losartan",337173,"Meta"
"atenolol","propranolol",394186,"Meta"
"furosemide","losartan",540541,"Meta"
"losartan","ramipril",418944,"Meta"
"clonidine","spironolactone",97634,"Meta"
"nebivolol","quinapril",75350,"Meta"
"nifedipine","benazepril",139194,"Meta"
"felodipine","furosemide",172865,"Meta"
"quinapril","bisoprolol",27752,"Meta"
"doxazosin","candesartan",31467,"Meta"
"doxazosin","felodipine",27583,"Meta"
"fosinopril","spironolactone",39159,"Meta"
"fosinopril","verapamil",60006,"Meta"
"fosinopril","quinapril",48143,"Meta"
"valsartan","bisoprolol",144019,"Meta"
"quinapril","felodipine",44902,"Meta"
"labetalol","nifedipine",205593,"Meta"
"fosinopril","atenolol",284379,"Meta"
"terazosin","bisoprolol",15855,"Meta"
"losartan","benazepril",379008,"Meta"
"prazosin","diltiazem",35204,"Meta"
"candesartan","irbesartan",65286,"Meta"
"verapamil","atenolol",341189,"Meta"
"losartan","indapamide",104806,"Meta"
"propranolol","clonidine",167439,"Meta"
"bisoprolol","irbesartan",41300,"Meta"
"atenolol","nifedipine",388074,"Meta"
"enalapril","spironolactone",120666,"Meta"
"terazosin","hydrochlorothiazide",747450,"Meta"
"fosinopril","irbesartan",49856,"Meta"
"hydralazine","metoprolol",520616,"Meta"
"metoprolol","nebivolol",563741,"Meta"
"felodipine","amlodipine",538550,"Meta"
"enalapril","nebivolol",138365,"Meta"
"verapamil","terazosin",69612,"Meta"
"benazepril","bisoprolol",54030,"Meta"
"diltiazem","furosemide",307931,"Meta"
"benazepril","chlorthalidone",103713,"Meta"
"candesartan","bisoprolol",70415,"Meta"
"benazepril","labetalol",187575,"Meta"
"terazosin","spironolactone",43178,"Meta"
"doxazosin","spironolactone",44271,"Meta"
"clonidine","carvedilol",154394,"Meta"
"metoprolol","felodipine",617870,"Meta"
"labetalol","clonidine",207746,"Meta"
"candesartan","furosemide",176856,"Meta"
"terazosin","losartan",332851,"Meta"
"furosemide","nadolol",174475,"Meta"
"propranolol","terazosin",99491,"Meta"
"irbesartan","terazosin",53982,"Meta"
"hydralazine","propranolol",124933,"Meta"
"hydrochlorothiazide","candesartan",723401,"Meta"
"nebivolol","olmesartan",122329,"Meta"
"losartan","lisinopril",2204475,"Meta"
"fosinopril","amlodipine",541882,"Meta"
"indapamide","verapamil",16496,"Meta"
"carvedilol","valsartan",212003,"Meta"
"amlodipine","methyldopa",565280,"Meta"
"losartan","chlorthalidone",337173,"Meta"
"fosinopril","furosemide",176151,"Meta"
"nadolol","hydrochlorothiazide",704771,"Meta"
"quinapril","chlorthalidone",73063,"Meta"
"nadolol","felodipine",19063,"Meta"
"spironolactone","labetalol",149448,"Meta"
"captopril","telmisartan",11510,"Meta"
"terazosin","fosinopril",28095,"Meta"
"azilsartan","nifedipine",12244,"Meta"
"carvedilol","fosinopril",77002,"Meta"
"hydrochlorothiazide","clonidine",842783,"Meta"
"benazepril","metoprolol",685715,"Meta"
"amlodipine","propranolol",704978,"Meta"
"lisinopril","hydralazine",1423805,"Meta"
"quinapril","indapamide",14820,"Meta"
"spironolactone","terazosin",43278,"Meta"
"hydralazine","terazosin",55698,"Meta"
"amlodipine","verapamil",613720,"Meta"
"bisoprolol","hydrochlorothiazide",545203,"Meta"
"metoprolol","prazosin",250223,"Meta"
"carvedilol","irbesartan",102942,"Meta"
"enalapril","hydralazine",130446,"Meta"
"metoprolol","chlorthalidone",646409,"Meta"
"bisoprolol","azilsartan",9911,"Meta"
"chlorthalidone","enalapril",130389,"Meta"
"carvedilol","propranolol",159843,"Meta"
"prazosin","telmisartan",8695,"Meta"
"quinapril","ramipril",133296,"Meta"
"valsartan","spironolactone",161731,"Meta"
"prazosin","hydralazine",41466,"Meta"
"verapamil","labetalol",170288,"Meta"
"furosemide","enalapril",324969,"Meta"
"hydrochlorothiazide","benazepril",752292,"Meta"
"ramipril","propranolol",184997,"Meta"
"doxazosin","nebivolol",72900,"Meta"
"telmisartan","methyldopa",50178,"Meta"
"atenolol","nebivolol",234950,"Meta"
"metoprolol","ramipril",864784,"Meta"
"enalapril","telmisartan",132510,"Meta"
"amlodipine","losartan",986968,"Meta"
"terazosin","amlodipine",581257,"Meta"
"fosinopril","lisinopril",1761157,"Meta"
"spironolactone","felodipine",35937,"Meta"
"verapamil","propranolol",131151,"Meta"
"amlodipine","lisinopril",2507960,"Meta"
"propranolol","labetalol",213778,"Meta"
"telmisartan","indapamide",14030,"Meta"
"fosinopril","enalapril",105419,"Meta"
"verapamil","clonidine",124307,"Meta"
"furosemide","clonidine",302270,"Meta"
"methyldopa","labetalol",141315,"Meta"
"metoprolol","terazosin",671264,"Meta"
"methyldopa","diltiazem",94923,"Meta"
"valsartan","clonidine",215811,"Meta"
"verapamil","lisinopril",1875522,"Meta"
"diltiazem","spironolactone",103056,"Meta"
"candesartan","nifedipine",97351,"Meta"
"losartan","quinapril",336109,"Meta"
"carvedilol","prazosin",32789,"Meta"
"captopril","candesartan",7258,"Meta"
"candesartan","captopril",7258,"Meta"
"atenolol","prazosin",96321,"Meta"
"nebivolol","nadolol",21882,"Meta"
"carvedilol","olmesartan",165284,"Meta"
"fosinopril","labetalol",134148,"Meta"
"chlorthalidone","fosinopril",48868,"Meta"
"chlorthalidone","irbesartan",74827,"Meta"
"candesartan","spironolactone",39828,"Meta"
"ramipril","doxazosin",125890,"Meta"
"telmisartan","prazosin",8695,"Meta"
"olmesartan","ramipril",278992,"Meta"
"enalapril","chlorthalidone",130389,"Meta"
"doxazosin","quinapril",55003,"Meta"
"diltiazem","amlodipine",676594,"Meta"
"doxazosin","captopril",10132,"Meta"
"amlodipine","fosinopril",541882,"Meta"
"propranolol","prazosin",30754,"Meta"
"furosemide","quinapril",200362,"Meta"
"amlodipine","nadolol",540267,"Meta"
"nifedipine","verapamil",121927,"Meta"
"telmisartan","ramipril",209246,"Meta"
"prazosin","carvedilol",32789,"Meta"
"clonidine","nifedipine",160054,"Meta"
"hydralazine","losartan",297434,"Meta"
"nifedipine","diltiazem",165701,"Meta"
"captopril","methyldopa",8215,"Meta"
"lisinopril","enalapril",2006551,"Meta"
"olmesartan","benazepril",162624,"Meta"
"bisoprolol","atenolol",191899,"Meta"
"felodipine","propranolol",86552,"Meta"
"bisoprolol","nebivolol",55368,"Meta"
"methyldopa","lisinopril",1777944,"Meta"
"verapamil","diltiazem",134497,"Meta"
"hydrochlorothiazide","captopril",192504,"Meta"
"propranolol","benazepril",140341,"Meta"
"nifedipine","hydralazine",118274,"Meta"
"candesartan","terazosin",28746,"Meta"
"olmesartan","methyldopa",115401,"Meta"
"ramipril","lisinopril",2020270,"Meta"
"amlodipine","captopril",145903,"Meta"
"nadolol","prazosin",6704,"Meta"
"labetalol","terazosin",138234,"Meta"
"ramipril","torsemide",88768,"Meta"
"carvedilol","atenolol",371335,"Meta"
"telmisartan","bisoprolol",69711,"Meta"
"carvedilol","hydralazine",113754,"Meta"
"nebivolol","methyldopa",79543,"Meta"
"bisoprolol","lisinopril",1345070,"Meta"
"bisoprolol","verapamil",39978,"Meta"
"amlodipine","candesartan",621861,"Meta"
"losartan","candesartan",327497,"Meta"
"nadolol","propranolol",88120,"Meta"
"valsartan","ramipril",335374,"Meta"
"labetalol","hydrochlorothiazide",857597,"Meta"
"hydralazine","candesartan",54066,"Meta"
"hydralazine","diltiazem",116601,"Meta"
"metoprolol","verapamil",703304,"Meta"
"methyldopa","terazosin",35208,"Meta"
"indapamide","furosemide",39156,"Meta"
"labetalol","atenolol",409894,"Meta"
"irbesartan","telmisartan",78572,"Meta"
"nadolol","lisinopril",1759485,"Meta"
"furosemide","lisinopril",2106547,"Meta"
"spironolactone","captopril",10374,"Meta"
"nebivolol","lisinopril",1599133,"Meta"
"benazepril","telmisartan",91061,"Meta"
"nifedipine","spironolactone",95023,"Meta"
"clonidine","valsartan",215773,"Meta"
"terazosin","verapamil",69612,"Meta"
"ramipril","diltiazem",188351,"Meta"
"verapamil","nebivolol",92228,"Meta"
"hydrochlorothiazide","quinapril",730656,"Meta"
"furosemide","atenolol",519308,"Meta"
"atenolol","doxazosin",312044,"Meta"
"felodipine","captopril",6181,"Meta"
"nifedipine","nebivolol",110691,"Meta"
"spironolactone","propranolol",105058,"Meta"
"azilsartan","losartan",10372,"Meta"
"valsartan","carvedilol",212003,"Meta"
"felodipine","irbesartan",46636,"Meta"
"hydralazine","furosemide",215181,"Meta"
"doxazosin","methyldopa",37934,"Meta"
"doxazosin","irbesartan",56733,"Meta"
"furosemide","olmesartan",275781,"Meta"
"telmisartan","furosemide",190323,"Meta"
"terazosin","propranolol",99491,"Meta"
"nifedipine","irbesartan",116654,"Meta"
"nifedipine","atenolol",388074,"Meta"
"felodipine","olmesartan",56414,"Meta"
"telmisartan","labetalol",148347,"Meta"
"olmesartan","lisinopril",1912922,"Meta"
"nadolol","metoprolol",619537,"Meta"
"felodipine","lisinopril",1757755,"Meta"
"quinapril","fosinopril",48143,"Meta"
"lisinopril","methyldopa",1777944,"Meta"
"terazosin","nebivolol",71018,"Meta"
"clonidine","amlodipine",670923,"Meta"
"telmisartan","nicardipine",12602,"Meta"
"losartan","propranolol",414746,"Meta"
"atenolol","candesartan",285043,"Meta"
"hydralazine","fosinopril",53259,"Meta"
"verapamil","nifedipine",121927,"Meta"
"losartan","methyldopa",319173,"Meta"
"indapamide","propranolol",31488,"Meta"
"ramipril","terazosin",123439,"Meta"
"terazosin","enalapril",119480,"Meta"
"spironolactone","amlodipine",557507,"Meta"
"irbesartan","olmesartan",142353,"Meta"
"nifedipine","telmisartan",110429,"Meta"
"verapamil","hydralazine",79515,"Meta"
"felodipine","fosinopril",20724,"Meta"
"fosinopril","ramipril",109108,"Meta"
"carvedilol","candesartan",77675,"Meta"
"felodipine","labetalol",130930,"Meta"
"spironolactone","ramipril",124355,"Meta"
"doxazosin","telmisartan",44935,"Meta"
"hydralazine","olmesartan",107271,"Meta"
"fosinopril","nebivolol",20960,"Meta"
"amlodipine","azilsartan",43439,"Meta"
"quinapril","carvedilol",101182,"Meta"
"doxazosin","diltiazem",105348,"Meta"
"furosemide","captopril",50418,"Meta"
"bisoprolol","torsemide",35164,"Meta"
"labetalol","doxazosin",141087,"Meta"
"prazosin","terazosin",8346,"Meta"
"candesartan","verapamil",60664,"Meta"
"lisinopril","terazosin",1842074,"Meta"
"fosinopril","prazosin",5846,"Meta"
"propranolol","hydralazine",124933,"Meta"
"chlorthalidone","furosemide",201142,"Meta"
"nifedipine","azilsartan",12244,"Meta"
"irbesartan","metoprolol",647306,"Meta"
"furosemide","indapamide",39156,"Meta"
"hydralazine","benazepril",93849,"Meta"
"losartan","spironolactone",327368,"Meta"
"bisoprolol","terazosin",16125,"Meta"
"indapamide","clonidine",23447,"Meta"
"ramipril","prazosin",22885,"Meta"
"enalapril","prazosin",34536,"Meta"
"captopril","terazosin",9100,"Meta"
"verapamil","irbesartan",85923,"Meta"
"propranolol","diltiazem",173055,"Meta"
"losartan","telmisartan",340538,"Meta"
"terazosin","hydralazine",55698,"Meta"
"diltiazem","indapamide",21851,"Meta"
"chlorthalidone","diltiazem",112791,"Meta"
"nifedipine","methyldopa",86894,"Meta"
"atenolol","felodipine",281112,"Meta"
"losartan","hydralazine",297434,"Meta"
"quinapril","prazosin",11872,"Meta"
"telmisartan","captopril",11510,"Meta"
"telmisartan","propranolol",103954,"Meta"
"chlorthalidone","prazosin",18047,"Meta"
"lisinopril","bisoprolol",1345070,"Meta"
"furosemide","nebivolol",192886,"Meta"
"lisinopril","chlorthalidone",1787086,"Meta"
"amlodipine","felodipine",538550,"Meta"
"fosinopril","hydralazine",53259,"Meta"
"verapamil","chlorthalidone",84962,"Meta"
"irbesartan","diltiazem",113746,"Meta"
"benazepril","enalapril",162422,"Meta"
"quinapril","nifedipine",103951,"Meta"
"nifedipine","nicardipine",8909,"Meta"
"atenolol","lisinopril",2183213,"Meta"
"indapamide","chlorthalidone",16618,"Meta"
"amlodipine","chlorthalidone",567305,"Meta"
"methyldopa","quinapril",55242,"Meta"
"clonidine","diltiazem",167612,"Meta"
"fosinopril","captopril",7416,"Meta"
"hydralazine","nifedipine",118274,"Meta"
"valsartan","hydralazine",136232,"Meta"
"losartan","clonidine",400226,"Meta"
"candesartan","azilsartan",14835,"Meta"
"lisinopril","labetalol",1940443,"Meta"
"hydrochlorothiazide","amlodipine",1411990,"Meta"
"spironolactone","doxazosin",46041,"Meta"
"lisinopril","atenolol",2183213,"Meta"
"olmesartan","enalapril",205200,"Meta"
"felodipine","clonidine",79148,"Meta"
"nadolol","verapamil",58322,"Meta"
"chlorthalidone","ramipril",134083,"Meta"
"methyldopa","valsartan",162768,"Meta"
"clonidine","terazosin",92690,"Meta"
"verapamil","enalapril",151084,"Meta"
"nadolol","methyldopa",29413,"Meta"
"propranolol","quinapril",113983,"Meta"
"amlodipine","valsartan",772433,"Meta"
"olmesartan","chlorthalidone",128691,"Meta"
"clonidine","olmesartan",167947,"Meta"
"labetalol","enalapril",226705,"Meta"
"ramipril","furosemide",289183,"Meta"
"lisinopril","fosinopril",1761157,"Meta"
"benazepril","quinapril",91504,"Meta"
"amlodipine","enalapril",745598,"Meta"
"indapamide","diltiazem",21851,"Meta"
"atenolol","hydralazine",255106,"Meta"
"hydrochlorothiazide","terazosin",747450,"Meta"
"candesartan","nadolol",22827,"Meta"
"clonidine","fosinopril",82387,"Meta"
"azilsartan","telmisartan",15301,"Meta"
"lisinopril","indapamide",651565,"Meta"
"nifedipine","captopril",22176,"Meta"
"hydrochlorothiazide","furosemide",983128,"Meta"
"methyldopa","benazepril",84815,"Meta"
"propranolol","amlodipine",704978,"Meta"
"hydralazine","irbesartan",72661,"Meta"
"nebivolol","terazosin",71018,"Meta"
"atenolol","furosemide",519308,"Meta"
"nebivolol","losartan",337407,"Meta"
"candesartan","atenolol",285043,"Meta"
"captopril","labetalol",21056,"Meta"
"doxazosin","valsartan",153176,"Meta"
"enalapril","clonidine",184667,"Meta"
"nadolol","losartan",310209,"Meta"
"terazosin","telmisartan",42208,"Meta"
"metoprolol","quinapril",645468,"Meta"
"metoprolol","doxazosin",674117,"Meta"
"diltiazem","fosinopril",87811,"Meta"
"prazosin","olmesartan",23151,"Meta"
"nadolol","doxazosin",29145,"Meta"
"valsartan","methyldopa",162768,"Meta"
"lisinopril","furosemide",2106547,"Meta"
"propranolol","olmesartan",167542,"Meta"
"propranolol","methyldopa",96928,"Meta"
"labetalol","propranolol",213778,"Meta"
"enalapril","methyldopa",125709,"Meta"
"atenolol","quinapril",308552,"Meta"
"candesartan","amlodipine",621861,"Meta"
"candesartan","hydralazine",54084,"Meta"
"benazepril","verapamil",109520,"Meta"
"clonidine","ramipril",178114,"Meta"
"spironolactone","diltiazem",103056,"Meta"
"propranolol","losartan",414746,"Meta"
"labetalol","nadolol",132467,"Meta"
"atenolol","enalapril",410516,"Meta"
"enalapril","propranolol",196049,"Meta"
"atenolol","metoprolol",971255,"Meta"
"felodipine","nifedipine",76531,"Meta"
"chlorthalidone","olmesartan",128691,"Meta"
"terazosin","lisinopril",1842074,"Meta"
"chlorthalidone","labetalol",159189,"Meta"
"telmisartan","spironolactone",53295,"Meta"
"metoprolol","irbesartan",647306,"Meta"
"ramipril","amlodipine",765064,"Meta"
"nifedipine","chlorthalidone",104761,"Meta"
"methyldopa","telmisartan",50178,"Meta"
"prazosin","chlorthalidone",18047,"Meta"
"labetalol","lisinopril",1940443,"Meta"
"lisinopril","amlodipine",2507960,"Meta"
"verapamil","metoprolol",703304,"Meta"
"amlodipine","hydrochlorothiazide",1411990,"Meta"
"spironolactone","nifedipine",95023,"Meta"
"lisinopril","quinapril",1785521,"Meta"
"ramipril","nadolol",107443,"Meta"
"prazosin","labetalol",69019,"Meta"
"prazosin","valsartan",41622,"Meta"
"propranolol","lisinopril",1971628,"Meta"
"amlodipine","ramipril",765064,"Meta"
"verapamil","prazosin",22429,"Meta"
"nifedipine","doxazosin",92782,"Meta"
"hydrochlorothiazide","nadolol",704771,"Meta"
"quinapril","atenolol",308552,"Meta"
"doxazosin","benazepril",84119,"Meta"
"hydrochlorothiazide","ramipril",921317,"Meta"
"metoprolol","diltiazem",759907,"Meta"
"atenolol","valsartan",428075,"Meta"
"diltiazem","nadolol",86147,"Meta"
"hydrochlorothiazide","fosinopril",706462,"Meta"
"amlodipine","metoprolol",1312629,"Meta"
"verapamil","valsartan",181798,"Meta"
"valsartan","propranolol",222898,"Meta"
"bisoprolol","valsartan",144019,"Meta"
"irbesartan","verapamil",85923,"Meta"
"atenolol","indapamide",94505,"Meta"
"doxazosin","prazosin",9369,"Meta"
"labetalol","felodipine",130930,"Meta"
"amlodipine","olmesartan",716681,"Meta"
"diltiazem","labetalol",208621,"Meta"
"benazepril","valsartan",195110,"Meta"
"valsartan","verapamil",181798,"Meta"
"labetalol","methyldopa",141315,"Meta"
"methyldopa","prazosin",7417,"Meta"
"nifedipine","terazosin",90295,"Meta"
"doxazosin","losartan",335865,"Meta"
"carvedilol","felodipine",73758,"Meta"
"bisoprolol","ramipril",179662,"Meta"
"irbesartan","nadolol",48198,"Meta"
"nebivolol","benazepril",107203,"Meta"
"atenolol","benazepril",324022,"Meta"
"propranolol","candesartan",90486,"Meta"
"nebivolol","propranolol",122725,"Meta"
"valsartan","metoprolol",822130,"Meta"
"losartan","nebivolol",337407,"Meta"
"methyldopa","indapamide",11612,"Meta"
"valsartan","benazepril",195110,"Meta"
"verapamil","bisoprolol",39978,"Meta"
"metoprolol","propranolol",759657,"Meta"
"chlorthalidone","doxazosin",55770,"Meta"
"indapamide","carvedilol",20225,"Meta"
"felodipine","prazosin",5585,"Meta"
"propranolol","indapamide",31488,"Meta"
"furosemide","labetalol",330841,"Meta"
"candesartan","torsemide",16979,"Meta"
"captopril","clonidine",18715,"Meta"
"terazosin","ramipril",123439,"Meta"
"spironolactone","indapamide",12170,"Meta"
"valsartan","diltiazem",225116,"Meta"
"candesartan","clonidine",83066,"Meta"
"metoprolol","fosinopril",621197,"Meta"
"chlorthalidone","atenolol",309318,"Meta"
"carvedilol","diltiazem",159994,"Meta"
"ramipril","benazepril",156401,"Meta"
"clonidine","furosemide",302270,"Meta"
"atenolol","hydrochlorothiazide",1071986,"Meta"
"telmisartan","enalapril",132510,"Meta"
"prazosin","metoprolol",250223,"Meta"
"bisoprolol","doxazosin",17859,"Meta"
"clonidine","verapamil",124307,"Meta"
"terazosin","benazepril",81969,"Meta"
"labetalol","losartan",435013,"Meta"
"hydralazine","valsartan",136251,"Meta"
"irbesartan","enalapril",131352,"Meta"
"irbesartan","ramipril",134976,"Meta"
"furosemide","carvedilol",294640,"Meta"
"hydralazine","lisinopril",1423805,"Meta"
"bisoprolol","candesartan",70000,"Meta"
"metoprolol","telmisartan",661794,"Meta"
"diltiazem","terazosin",102886,"Meta"
"propranolol","captopril",23672,"Meta"
"methyldopa","olmesartan",115401,"Meta"
"bisoprolol","nicardipine",5975,"Meta"
"nifedipine","carvedilol",152446,"Meta"
"chlorthalidone","telmisartan",63035,"Meta"
"diltiazem","enalapril",190322,"Meta"
"propranolol","nifedipine",173623,"Meta"
"nifedipine","labetalol",205593,"Meta"
"diltiazem","clonidine",167612,"Meta"
"chlorthalidone","terazosin",52992,"Meta"
"benazepril","irbesartan",99975,"Meta"
"spironolactone","prazosin",12772,"Meta"
"metoprolol","labetalol",760060,"Meta"
"clonidine","captopril",18715,"Meta"
"atenolol","nadolol",282682,"Meta"
"prazosin","methyldopa",7417,"Meta"
"nifedipine","lisinopril",1964299,"Meta"
"furosemide","candesartan",176856,"Meta"
"carvedilol","captopril",20109,"Meta"
"doxazosin","hydrochlorothiazide",750426,"Meta"
"bisoprolol","fosinopril",13742,"Meta"
"prazosin","bisoprolol",6502,"Meta"
"amlodipine","prazosin",204758,"Meta"
"terazosin","clonidine",92690,"Meta"
"benazepril","felodipine",41728,"Meta"
"verapamil","hydrochlorothiazide",779601,"Meta"
"losartan","doxazosin",335865,"Meta"
"nifedipine","candesartan",97351,"Meta"
"spironolactone","valsartan",161731,"Meta"
"losartan","enalapril",431040,"Meta"
"hydrochlorothiazide","irbesartan",732577,"Meta"
"quinapril","telmisartan",62262,"Meta"
"telmisartan","candesartan",73536,"Meta"
"enalapril","bisoprolol",112129,"Meta"
"methyldopa","chlorthalidone",56026,"Meta"
"clonidine","propranolol",167439,"Meta"
"nifedipine","ramipril",175779,"Meta"
"losartan","azilsartan",10372,"Meta"
"fosinopril","felodipine",20724,"Meta"
"irbesartan","atenolol",310288,"Meta"
"quinapril","clonidine",106578,"Meta"
"captopril","spironolactone",10374,"Meta"
"enalapril","indapamide",35887,"Meta"
"prazosin","propranolol",30754,"Meta"
"quinapril","verapamil",84190,"Meta"
"olmesartan","spironolactone",118567,"Meta"
"indapamide","amlodipine",187003,"Meta"
"valsartan","hydrochlorothiazide",878008,"Meta"
"captopril","enalapril",31116,"Meta"
"bisoprolol","labetalol",110325,"Meta"
"losartan","felodipine",308587,"Meta"
"terazosin","prazosin",8346,"Meta"
"benazepril","propranolol",140341,"Meta"
"telmisartan","clonidine",96533,"Meta"
"nebivolol","amlodipine",532405,"Meta"
"carvedilol","enalapril",177036,"Meta"
"lisinopril","nifedipine",1964299,"Meta"
"benazepril","olmesartan",162624,"Meta"
"valsartan","nebivolol",149077,"Meta"
"nebivolol","telmisartan",80669,"Meta"
"telmisartan","verapamil",74138,"Meta"
"hydrochlorothiazide","bisoprolol",545203,"Meta"
"atenolol","carvedilol",371335,"Meta"
"benazepril","diltiazem",148880,"Meta"
"ramipril","candesartan",205293,"Meta"
"chlorthalidone","valsartan",171573,"Meta"
"olmesartan","terazosin",114168,"Meta"
"furosemide","ramipril",289183,"Meta"
"enalapril","olmesartan",205200,"Meta"
"nifedipine","furosemide",300367,"Meta"
"hydrochlorothiazide","atenolol",1071986,"Meta"
"lisinopril","hydrochlorothiazide",2670363,"Meta"
"fosinopril","chlorthalidone",48868,"Meta"
"enalapril","losartan",431040,"Meta"
"nifedipine","hydrochlorothiazide",851418,"Meta"
"carvedilol","verapamil",120036,"Meta"
"nadolol","captopril",5780,"Meta"
"hydralazine","verapamil",79515,"Meta"
"enalapril","amlodipine",745598,"Meta"
"telmisartan","chlorthalidone",63035,"Meta"
"nifedipine","indapamide",29822,"Meta"
"captopril","irbesartan",13921,"Meta"
"amlodipine","benazepril",610264,"Meta"
"felodipine","methyldopa",27849,"Meta"
"indapamide","hydralazine",9998,"Meta"
"irbesartan","azilsartan",10901,"Meta"
"enalapril","nifedipine",189931,"Meta"
"metoprolol","spironolactone",636629,"Meta"
"nebivolol","doxazosin",72900,"Meta"
"nadolol","fosinopril",22284,"Meta"
"bisoprolol","benazepril",54030,"Meta"
"chlorthalidone","carvedilol",101991,"Meta"
"atenolol","spironolactone",299619,"Meta"
"atenolol","irbesartan",310288,"Meta"
"indapamide","hydrochlorothiazide",290743,"Meta"
"diltiazem","bisoprolol",58115,"Meta"
"hydrochlorothiazide","telmisartan",727387,"Meta"
"nadolol","quinapril",46468,"Meta"
"furosemide","hydrochlorothiazide",983128,"Meta"
"lisinopril","prazosin",654859,"Meta"
"hydrochlorothiazide","carvedilol",835104,"Meta"
"indapamide","methyldopa",11607,"Meta"
"lisinopril","captopril",450084,"Meta"
"hydralazine","doxazosin",57418,"Meta"
"metoprolol","valsartan",822130,"Meta"
"fosinopril","nadolol",22284,"Meta"
"labetalol","chlorthalidone",159189,"Meta"
"amlodipine","terazosin",581257,"Meta"
"propranolol","metoprolol",759657,"Meta"
"irbesartan","nifedipine",116654,"Meta"
"quinapril","diltiazem",112006,"Meta"
"olmesartan","propranolol",167542,"Meta"
"captopril","valsartan",47009,"Meta"
"spironolactone","hydrochlorothiazide",721898,"Meta"
"labetalol","prazosin",69019,"Meta"
"valsartan","irbesartan",183589,"Meta"
"methyldopa","hydralazine",59606,"Meta"
"irbesartan","hydrochlorothiazide",732577,"Meta"
"metoprolol","methyldopa",654606,"Meta"
"ramipril","atenolol",395039,"Meta"
"spironolactone","chlorthalidone",64133,"Meta"
"prazosin","enalapril",34536,"Meta"
"ramipril","felodipine",105875,"Meta"
"labetalol","benazepril",187575,"Meta"
"indapamide","bisoprolol",5439,"Meta"
"chlorthalidone","hydralazine",75258,"Meta"
"atenolol","fosinopril",284379,"Meta"
"lisinopril","metoprolol",2602043,"Meta"
"benazepril","nadolol",54521,"Meta"
"metoprolol","carvedilol",746580,"Meta"
"felodipine","telmisartan",34848,"Meta"
"verapamil","methyldopa",67110,"Meta"
"doxazosin","terazosin",40488,"Meta"
"atenolol","diltiazem",384645,"Meta"
"fosinopril","propranolol",89793,"Meta"
"fosinopril","valsartan",145992,"Meta"
"nebivolol","labetalol",171427,"Meta"
"prazosin","irbesartan",13027,"Meta"
"ramipril","fosinopril",109108,"Meta"
"losartan","diltiazem",405869,"Meta"
"fosinopril","methyldopa",31062,"Meta"
"chlorthalidone","benazepril",103713,"Meta"
"furosemide","felodipine",172865,"Meta"
"olmesartan","candesartan",137608,"Meta"
"spironolactone","furosemide",191411,"Meta"
"ramipril","metoprolol",864784,"Meta"
"nifedipine","amlodipine",748082,"Meta"
"diltiazem","hydrochlorothiazide",848456,"Meta"
"irbesartan","lisinopril",1787877,"Meta"
"atenolol","terazosin",309564,"Meta"
"valsartan","enalapril",259147,"Meta"
"doxazosin","hydralazine",57418,"Meta"
"candesartan","carvedilol",77675,"Meta"
"losartan","nadolol",310209,"Meta"
"verapamil","quinapril",84190,"Meta"
"atenolol","chlorthalidone",309318,"Meta"
"clonidine","candesartan",83054,"Meta"
"olmesartan","amlodipine",716681,"Meta"
"carvedilol","benazepril",142108,"Meta"
"ramipril","methyldopa",202372,"Meta"
"labetalol","hydralazine",173835,"Meta"
"valsartan","quinapril",168923,"Meta"
"candesartan","valsartan",183108,"Meta"
"ramipril","quinapril",133296,"Meta"
"propranolol","nadolol",88120,"Meta"
"quinapril","candesartan",48799,"Meta"
"hydralazine","telmisartan",63287,"Meta"
"methyldopa","felodipine",27849,"Meta"
"clonidine","benazepril",142429,"Meta"
"amlodipine","doxazosin",584544,"Meta"
"prazosin","nifedipine",23897,"Meta"
"nadolol","olmesartan",101786,"Meta"
"verapamil","telmisartan",74138,"Meta"
"hydralazine","atenolol",255106,"Meta"
"azilsartan","amlodipine",43439,"Meta"
"olmesartan","furosemide",275781,"Meta"
"candesartan","prazosin",6081,"Meta"
