,from,to,value,study
1,aliskiren,acebutolol,0,Meta
2,amiloride,acebutolol,0,Meta
3,amlodipine,acebutolol,0,Meta
4,atenolol,acebutolol,0,Meta
5,azilsartan,acebutolol,0,Meta
6,benazepril,acebutolol,0,Meta
7,betaxolol,acebutolol,0,Meta
8,bisoprolol,acebutolol,0,Meta
9,bumetanide,acebutolol,0,Meta
10,candesartan,acebutolol,0,Meta
11,captopril,acebutolol,0,Meta
12,carvedilol,acebutolol,0,Meta
13,chlorthalidone,acebutolol,0,Meta
14,clonidine,acebutolol,0,Meta
15,diltiazem,acebutolol,0,Meta
16,doxazosin,acebutolol,0,Meta
17,enalapril,acebutolol,0,Meta
18,eplerenone,acebutolol,0,Meta
19,eprosartan,acebutolol,0,Meta
20,felodipine,acebutolol,0,Meta
21,fosinopril,acebutolol,0,Meta
22,furosemide,acebutolol,0,Meta
23,guanfacine,acebutolol,0,Meta
24,hydralazine,acebutolol,0,Meta
25,hydrochlorothiazide,acebutolol,0,Meta
26,indapamide,acebutolol,0,Meta
27,irbesartan,acebutolol,0,Meta
28,isradipine,acebutolol,0,Meta
29,labetalol,acebutolol,0,Meta
30,lisinopril,acebutolol,0,Meta
31,losartan,acebutolol,0,Meta
32,methyldopa,acebutolol,0,Meta
33,metolazone,acebutolol,0,Meta
34,metoprolol,acebutolol,0,Meta
35,minoxidil,acebutolol,0,Meta
36,moexipril,acebutolol,0,Meta
37,nadolol,acebutolol,0,Meta
38,nebivolol,acebutolol,0,Meta
39,nicardipine,acebutolol,0,Meta
40,nifedipine,acebutolol,0,Meta
41,nisoldipine,acebutolol,0,Meta
42,olmesartan,acebutolol,0,Meta
43,penbutolol,acebutolol,0,Meta
44,perindopril,acebutolol,0,Meta
45,pindolol,acebutolol,0,Meta
46,prazosin,acebutolol,0,Meta
47,propranolol,acebutolol,0,Meta
48,quinapril,acebutolol,0,Meta
49,ramipril,acebutolol,0,Meta
50,spironolactone,acebutolol,0,Meta
51,telmisartan,acebutolol,0,Meta
52,terazosin,acebutolol,0,Meta
53,torsemide,acebutolol,0,Meta
54,trandolapril,acebutolol,0,Meta
55,triamterene,acebutolol,0,Meta
56,valsartan,acebutolol,0,Meta
57,verapamil,acebutolol,0,Meta
58,co-amilozide,acebutolol,0,Meta
59,amiloride,aliskiren,0,Meta
60,amlodipine,aliskiren,0,Meta
61,atenolol,aliskiren,0,Meta
62,azilsartan,aliskiren,0,Meta
63,benazepril,aliskiren,0,Meta
64,betaxolol,aliskiren,0,Meta
65,bisoprolol,aliskiren,0,Meta
66,bumetanide,aliskiren,0,Meta
67,candesartan,aliskiren,0,Meta
68,captopril,aliskiren,0,Meta
69,carvedilol,aliskiren,0,Meta
70,chlorthalidone,aliskiren,0,Meta
71,clonidine,aliskiren,0,Meta
72,diltiazem,aliskiren,0,Meta
73,doxazosin,aliskiren,0,Meta
74,enalapril,aliskiren,0,Meta
75,eplerenone,aliskiren,0,Meta
76,eprosartan,aliskiren,0,Meta
77,felodipine,aliskiren,0,Meta
78,fosinopril,aliskiren,0,Meta
79,furosemide,aliskiren,0,Meta
80,guanfacine,aliskiren,0,Meta
81,hydralazine,aliskiren,0,Meta
82,hydrochlorothiazide,aliskiren,0,Meta
83,indapamide,aliskiren,0,Meta
84,irbesartan,aliskiren,0,Meta
85,isradipine,aliskiren,0,Meta
86,labetalol,aliskiren,0,Meta
87,lisinopril,aliskiren,0,Meta
88,losartan,aliskiren,0,Meta
89,methyldopa,aliskiren,0,Meta
90,metolazone,aliskiren,0,Meta
91,metoprolol,aliskiren,0,Meta
92,minoxidil,aliskiren,0,Meta
93,moexipril,aliskiren,0,Meta
94,nadolol,aliskiren,0,Meta
95,nebivolol,aliskiren,0,Meta
96,nicardipine,aliskiren,0,Meta
97,nifedipine,aliskiren,0,Meta
98,nisoldipine,aliskiren,0,Meta
99,olmesartan,aliskiren,0,Meta
100,penbutolol,aliskiren,0,Meta
101,perindopril,aliskiren,0,Meta
102,pindolol,aliskiren,0,Meta
103,prazosin,aliskiren,0,Meta
104,propranolol,aliskiren,0,Meta
105,quinapril,aliskiren,0,Meta
106,ramipril,aliskiren,0,Meta
107,spironolactone,aliskiren,0,Meta
108,telmisartan,aliskiren,0,Meta
109,terazosin,aliskiren,0,Meta
110,torsemide,aliskiren,0,Meta
111,trandolapril,aliskiren,0,Meta
112,triamterene,aliskiren,0,Meta
113,valsartan,aliskiren,0,Meta
114,verapamil,aliskiren,0,Meta
115,co-amilozide,aliskiren,0,Meta
116,amlodipine,amiloride,0,Meta
117,atenolol,amiloride,0,Meta
118,azilsartan,amiloride,0,Meta
119,benazepril,amiloride,0,Meta
120,betaxolol,amiloride,0,Meta
121,bisoprolol,amiloride,0,Meta
122,bumetanide,amiloride,0,Meta
123,candesartan,amiloride,0,Meta
124,captopril,amiloride,0,Meta
125,carvedilol,amiloride,0,Meta
126,chlorthalidone,amiloride,0,Meta
127,clonidine,amiloride,0,Meta
128,diltiazem,amiloride,0,Meta
129,doxazosin,amiloride,0,Meta
130,enalapril,amiloride,0,Meta
131,eplerenone,amiloride,0,Meta
132,eprosartan,amiloride,0,Meta
133,felodipine,amiloride,0,Meta
134,fosinopril,amiloride,0,Meta
135,furosemide,amiloride,0,Meta
136,guanfacine,amiloride,0,Meta
137,hydralazine,amiloride,0,Meta
138,hydrochlorothiazide,amiloride,0,Meta
139,indapamide,amiloride,0,Meta
140,irbesartan,amiloride,0,Meta
141,isradipine,amiloride,0,Meta
142,labetalol,amiloride,0,Meta
143,lisinopril,amiloride,0,Meta
144,losartan,amiloride,0,Meta
145,methyldopa,amiloride,0,Meta
146,metolazone,amiloride,0,Meta
147,metoprolol,amiloride,0,Meta
148,minoxidil,amiloride,0,Meta
149,moexipril,amiloride,0,Meta
150,nadolol,amiloride,0,Meta
151,nebivolol,amiloride,0,Meta
152,nicardipine,amiloride,0,Meta
153,nifedipine,amiloride,0,Meta
154,nisoldipine,amiloride,0,Meta
155,olmesartan,amiloride,0,Meta
156,penbutolol,amiloride,0,Meta
157,perindopril,amiloride,0,Meta
158,pindolol,amiloride,0,Meta
159,prazosin,amiloride,0,Meta
160,propranolol,amiloride,0,Meta
161,quinapril,amiloride,0,Meta
162,ramipril,amiloride,0,Meta
163,spironolactone,amiloride,0,Meta
164,telmisartan,amiloride,0,Meta
165,terazosin,amiloride,0,Meta
166,torsemide,amiloride,0,Meta
167,trandolapril,amiloride,0,Meta
168,triamterene,amiloride,0,Meta
169,valsartan,amiloride,0,Meta
170,verapamil,amiloride,0,Meta
171,co-amilozide,amiloride,0,Meta
172,atenolol,amlodipine,632443,Meta
173,azilsartan,amlodipine,42680,Meta
174,benazepril,amlodipine,425304,Meta
175,betaxolol,amlodipine,0,Meta
176,bisoprolol,amlodipine,272948,Meta
177,bumetanide,amlodipine,0,Meta
178,candesartan,amlodipine,423277,Meta
179,captopril,amlodipine,138695,Meta
180,carvedilol,amlodipine,456476,Meta
181,chlorthalidone,amlodipine,386575,Meta
182,clonidine,amlodipine,461105,Meta
183,diltiazem,amlodipine,472270,Meta
184,doxazosin,amlodipine,406396,Meta
185,enalapril,amlodipine,490882,Meta
186,eplerenone,amlodipine,0,Meta
187,eprosartan,amlodipine,0,Meta
188,felodipine,amlodipine,322210,Meta
189,fosinopril,amlodipine,325229,Meta
190,furosemide,amlodipine,519729,Meta
191,guanfacine,amlodipine,0,Meta
192,hydralazine,amlodipine,252884,Meta
193,hydrochlorothiazide,amlodipine,1004441,Meta
194,indapamide,amlodipine,182392,Meta
195,irbesartan,amlodipine,435953,Meta
196,isradipine,amlodipine,0,Meta
197,labetalol,amlodipine,458982,Meta
198,lisinopril,amlodipine,1766517,Meta
199,losartan,amlodipine,676013,Meta
200,methyldopa,amlodipine,331148,Meta
201,metolazone,amlodipine,0,Meta
202,metoprolol,amlodipine,848124,Meta
203,minoxidil,amlodipine,0,Meta
204,moexipril,amlodipine,0,Meta
205,nadolol,amlodipine,368084,Meta
206,nebivolol,amlodipine,336621,Meta
207,nicardipine,amlodipine,42467,Meta
208,nifedipine,amlodipine,524910,Meta
209,nisoldipine,amlodipine,0,Meta
210,olmesartan,amlodipine,510615,Meta
211,penbutolol,amlodipine,0,Meta
212,perindopril,amlodipine,0,Meta
213,pindolol,amlodipine,0,Meta
214,prazosin,amlodipine,0,Meta
215,propranolol,amlodipine,478413,Meta
216,quinapril,amlodipine,389109,Meta
217,ramipril,amlodipine,475785,Meta
218,spironolactone,amlodipine,379308,Meta
219,telmisartan,amlodipine,434207,Meta
220,terazosin,amlodipine,404063,Meta
221,torsemide,amlodipine,0,Meta
222,trandolapril,amlodipine,0,Meta
223,triamterene,amlodipine,0,Meta
224,valsartan,amlodipine,545227,Meta
225,verapamil,amlodipine,423884,Meta
226,co-amilozide,amlodipine,0,Meta
227,azilsartan,atenolol,0,Meta
228,benazepril,atenolol,230504,Meta
229,betaxolol,atenolol,0,Meta
230,bisoprolol,atenolol,112060,Meta
231,bumetanide,atenolol,0,Meta
232,candesartan,atenolol,202265,Meta
233,captopril,atenolol,86363,Meta
234,carvedilol,atenolol,257207,Meta
235,chlorthalidone,atenolol,217868,Meta
236,clonidine,atenolol,261807,Meta
237,diltiazem,atenolol,272958,Meta
238,doxazosin,atenolol,225114,Meta
239,enalapril,atenolol,291617,Meta
240,eplerenone,atenolol,0,Meta
241,eprosartan,atenolol,0,Meta
242,felodipine,atenolol,179845,Meta
243,fosinopril,atenolol,182730,Meta
244,furosemide,atenolol,320409,Meta
245,guanfacine,atenolol,0,Meta
246,hydralazine,atenolol,119209,Meta
247,hydrochlorothiazide,atenolol,805123,Meta
248,indapamide,atenolol,92578,Meta
249,irbesartan,atenolol,221733,Meta
250,isradipine,atenolol,0,Meta
251,labetalol,atenolol,272383,Meta
252,lisinopril,atenolol,1567161,Meta
253,losartan,atenolol,430552,Meta
254,methyldopa,atenolol,188457,Meta
255,metolazone,atenolol,0,Meta
256,metoprolol,atenolol,648784,Meta
257,minoxidil,atenolol,0,Meta
258,moexipril,atenolol,0,Meta
259,nadolol,atenolol,199549,Meta
260,nebivolol,atenolol,147200,Meta
261,nicardipine,atenolol,0,Meta
262,nifedipine,atenolol,278623,Meta
263,nisoldipine,atenolol,0,Meta
264,olmesartan,atenolol,270345,Meta
265,penbutolol,atenolol,0,Meta
266,perindopril,atenolol,0,Meta
267,pindolol,atenolol,0,Meta
268,prazosin,atenolol,0,Meta
269,propranolol,atenolol,279139,Meta
270,quinapril,atenolol,220761,Meta
271,ramipril,atenolol,294380,Meta
272,spironolactone,atenolol,210695,Meta
273,telmisartan,atenolol,213597,Meta
274,terazosin,atenolol,223560,Meta
275,torsemide,atenolol,0,Meta
276,trandolapril,atenolol,0,Meta
277,triamterene,atenolol,0,Meta
278,valsartan,atenolol,313308,Meta
279,verapamil,atenolol,242569,Meta
280,co-amilozide,atenolol,0,Meta
281,benazepril,azilsartan,0,Meta
282,betaxolol,azilsartan,0,Meta
283,bisoprolol,azilsartan,9428,Meta
284,bumetanide,azilsartan,0,Meta
285,candesartan,azilsartan,14582,Meta
286,captopril,azilsartan,0,Meta
287,carvedilol,azilsartan,0,Meta
288,chlorthalidone,azilsartan,0,Meta
289,clonidine,azilsartan,0,Meta
290,diltiazem,azilsartan,0,Meta
291,doxazosin,azilsartan,0,Meta
292,enalapril,azilsartan,0,Meta
293,eplerenone,azilsartan,0,Meta
294,eprosartan,azilsartan,0,Meta
295,felodipine,azilsartan,0,Meta
296,fosinopril,azilsartan,0,Meta
297,furosemide,azilsartan,0,Meta
298,guanfacine,azilsartan,0,Meta
299,hydralazine,azilsartan,0,Meta
300,hydrochlorothiazide,azilsartan,0,Meta
301,indapamide,azilsartan,0,Meta
302,irbesartan,azilsartan,10753,Meta
303,isradipine,azilsartan,0,Meta
304,labetalol,azilsartan,0,Meta
305,lisinopril,azilsartan,0,Meta
306,losartan,azilsartan,10196,Meta
307,methyldopa,azilsartan,0,Meta
308,metolazone,azilsartan,0,Meta
309,metoprolol,azilsartan,0,Meta
310,minoxidil,azilsartan,0,Meta
311,moexipril,azilsartan,0,Meta
312,nadolol,azilsartan,0,Meta
313,nebivolol,azilsartan,0,Meta
314,nicardipine,azilsartan,0,Meta
315,nifedipine,azilsartan,10923,Meta
316,nisoldipine,azilsartan,0,Meta
317,olmesartan,azilsartan,14430,Meta
318,penbutolol,azilsartan,0,Meta
319,perindopril,azilsartan,0,Meta
320,pindolol,azilsartan,0,Meta
321,prazosin,azilsartan,0,Meta
322,propranolol,azilsartan,0,Meta
323,quinapril,azilsartan,0,Meta
324,ramipril,azilsartan,0,Meta
325,spironolactone,azilsartan,0,Meta
326,telmisartan,azilsartan,15054,Meta
327,terazosin,azilsartan,0,Meta
328,torsemide,azilsartan,0,Meta
329,trandolapril,azilsartan,0,Meta
330,triamterene,azilsartan,0,Meta
331,valsartan,azilsartan,11394,Meta
332,verapamil,azilsartan,0,Meta
333,co-amilozide,azilsartan,0,Meta
334,betaxolol,benazepril,0,Meta
335,bisoprolol,benazepril,37919,Meta
336,bumetanide,benazepril,0,Meta
337,candesartan,benazepril,60423,Meta
338,captopril,benazepril,0,Meta
339,carvedilol,benazepril,97065,Meta
340,chlorthalidone,benazepril,78629,Meta
341,clonidine,benazepril,94899,Meta
342,diltiazem,benazepril,105913,Meta
343,doxazosin,benazepril,64906,Meta
344,enalapril,benazepril,120613,Meta
345,eplerenone,benazepril,0,Meta
346,eprosartan,benazepril,0,Meta
347,felodipine,benazepril,21672,Meta
348,fosinopril,benazepril,54950,Meta
349,furosemide,benazepril,143969,Meta
350,guanfacine,benazepril,0,Meta
351,hydralazine,benazepril,37576,Meta
352,hydrochlorothiazide,benazepril,566969,Meta
353,indapamide,benazepril,0,Meta
354,irbesartan,benazepril,77901,Meta
355,isradipine,benazepril,0,Meta
356,labetalol,benazepril,117140,Meta
357,lisinopril,benazepril,1305248,Meta
358,losartan,benazepril,260560,Meta
359,methyldopa,benazepril,62604,Meta
360,metolazone,benazepril,0,Meta
361,metoprolol,benazepril,437581,Meta
362,minoxidil,benazepril,0,Meta
363,moexipril,benazepril,0,Meta
364,nadolol,benazepril,38323,Meta
365,nebivolol,benazepril,79909,Meta
366,nicardipine,benazepril,0,Meta
367,nifedipine,benazepril,108783,Meta
368,nisoldipine,benazepril,0,Meta
369,olmesartan,benazepril,131725,Meta
370,penbutolol,benazepril,0,Meta
371,perindopril,benazepril,0,Meta
372,pindolol,benazepril,0,Meta
373,prazosin,benazepril,0,Meta
374,propranolol,benazepril,103545,Meta
375,quinapril,benazepril,70359,Meta
376,ramipril,benazepril,123799,Meta
377,spironolactone,benazepril,70928,Meta
378,telmisartan,benazepril,72555,Meta
379,terazosin,benazepril,63666,Meta
380,torsemide,benazepril,0,Meta
381,trandolapril,benazepril,0,Meta
382,triamterene,benazepril,0,Meta
383,valsartan,benazepril,147793,Meta
384,verapamil,benazepril,78765,Meta
385,co-amilozide,benazepril,0,Meta
386,bisoprolol,betaxolol,0,Meta
387,bumetanide,betaxolol,0,Meta
388,candesartan,betaxolol,0,Meta
389,captopril,betaxolol,0,Meta
390,carvedilol,betaxolol,0,Meta
391,chlorthalidone,betaxolol,0,Meta
392,clonidine,betaxolol,0,Meta
393,diltiazem,betaxolol,0,Meta
394,doxazosin,betaxolol,0,Meta
395,enalapril,betaxolol,0,Meta
396,eplerenone,betaxolol,0,Meta
397,eprosartan,betaxolol,0,Meta
398,felodipine,betaxolol,0,Meta
399,fosinopril,betaxolol,0,Meta
400,furosemide,betaxolol,0,Meta
401,guanfacine,betaxolol,0,Meta
402,hydralazine,betaxolol,0,Meta
403,hydrochlorothiazide,betaxolol,0,Meta
404,indapamide,betaxolol,0,Meta
405,irbesartan,betaxolol,0,Meta
406,isradipine,betaxolol,0,Meta
407,labetalol,betaxolol,0,Meta
408,lisinopril,betaxolol,0,Meta
409,losartan,betaxolol,0,Meta
410,methyldopa,betaxolol,0,Meta
411,metolazone,betaxolol,0,Meta
412,metoprolol,betaxolol,0,Meta
413,minoxidil,betaxolol,0,Meta
414,moexipril,betaxolol,0,Meta
415,nadolol,betaxolol,0,Meta
416,nebivolol,betaxolol,0,Meta
417,nicardipine,betaxolol,0,Meta
418,nifedipine,betaxolol,0,Meta
419,nisoldipine,betaxolol,0,Meta
420,olmesartan,betaxolol,0,Meta
421,penbutolol,betaxolol,0,Meta
422,perindopril,betaxolol,0,Meta
423,pindolol,betaxolol,0,Meta
424,prazosin,betaxolol,0,Meta
425,propranolol,betaxolol,0,Meta
426,quinapril,betaxolol,0,Meta
427,ramipril,betaxolol,0,Meta
428,spironolactone,betaxolol,0,Meta
429,telmisartan,betaxolol,0,Meta
430,terazosin,betaxolol,0,Meta
431,torsemide,betaxolol,0,Meta
432,trandolapril,betaxolol,0,Meta
433,triamterene,betaxolol,0,Meta
434,valsartan,betaxolol,0,Meta
435,verapamil,betaxolol,0,Meta
436,co-amilozide,betaxolol,0,Meta
437,bumetanide,bisoprolol,0,Meta
438,candesartan,bisoprolol,22135,Meta
439,captopril,bisoprolol,0,Meta
440,carvedilol,bisoprolol,24718,Meta
441,chlorthalidone,bisoprolol,21245,Meta
442,clonidine,bisoprolol,25465,Meta
443,diltiazem,bisoprolol,28754,Meta
444,doxazosin,bisoprolol,9435,Meta
445,enalapril,bisoprolol,41599,Meta
446,eplerenone,bisoprolol,0,Meta
447,eprosartan,bisoprolol,0,Meta
448,felodipine,bisoprolol,5396,Meta
449,fosinopril,bisoprolol,7061,Meta
450,furosemide,bisoprolol,44563,Meta
451,guanfacine,bisoprolol,0,Meta
452,hydralazine,bisoprolol,6273,Meta
453,hydrochlorothiazide,bisoprolol,340225,Meta
454,indapamide,bisoprolol,5326,Meta
455,irbesartan,bisoprolol,29455,Meta
456,isradipine,bisoprolol,0,Meta
457,labetalol,bisoprolol,50770,Meta
458,lisinopril,bisoprolol,793787,Meta
459,losartan,bisoprolol,139063,Meta
460,methyldopa,bisoprolol,11864,Meta
461,metolazone,bisoprolol,0,Meta
462,metoprolol,bisoprolol,231479,Meta
463,minoxidil,bisoprolol,0,Meta
464,moexipril,bisoprolol,0,Meta
465,nadolol,bisoprolol,7541,Meta
466,nebivolol,bisoprolol,4910,Meta
467,nicardipine,bisoprolol,3502,Meta
468,nifedipine,bisoprolol,43778,Meta
469,nisoldipine,bisoprolol,0,Meta
470,olmesartan,bisoprolol,60543,Meta
471,penbutolol,bisoprolol,0,Meta
472,perindopril,bisoprolol,0,Meta
473,pindolol,bisoprolol,0,Meta
474,prazosin,bisoprolol,0,Meta
475,propranolol,bisoprolol,37646,Meta
476,quinapril,bisoprolol,17245,Meta
477,ramipril,bisoprolol,45634,Meta
478,spironolactone,bisoprolol,14616,Meta
479,telmisartan,bisoprolol,28856,Meta
480,terazosin,bisoprolol,8629,Meta
481,torsemide,bisoprolol,0,Meta
482,trandolapril,bisoprolol,0,Meta
483,triamterene,bisoprolol,0,Meta
484,valsartan,bisoprolol,71507,Meta
485,verapamil,bisoprolol,20176,Meta
486,co-amilozide,bisoprolol,0,Meta
487,candesartan,bumetanide,0,Meta
488,captopril,bumetanide,0,Meta
489,carvedilol,bumetanide,0,Meta
490,chlorthalidone,bumetanide,0,Meta
491,clonidine,bumetanide,0,Meta
492,diltiazem,bumetanide,0,Meta
493,doxazosin,bumetanide,0,Meta
494,enalapril,bumetanide,0,Meta
495,eplerenone,bumetanide,0,Meta
496,eprosartan,bumetanide,0,Meta
497,felodipine,bumetanide,0,Meta
498,fosinopril,bumetanide,0,Meta
499,furosemide,bumetanide,0,Meta
500,guanfacine,bumetanide,0,Meta
501,hydralazine,bumetanide,0,Meta
502,hydrochlorothiazide,bumetanide,0,Meta
503,indapamide,bumetanide,0,Meta
504,irbesartan,bumetanide,0,Meta
505,isradipine,bumetanide,0,Meta
506,labetalol,bumetanide,0,Meta
507,lisinopril,bumetanide,0,Meta
508,losartan,bumetanide,0,Meta
509,methyldopa,bumetanide,0,Meta
510,metolazone,bumetanide,0,Meta
511,metoprolol,bumetanide,0,Meta
512,minoxidil,bumetanide,0,Meta
513,moexipril,bumetanide,0,Meta
514,nadolol,bumetanide,0,Meta
515,nebivolol,bumetanide,0,Meta
516,nicardipine,bumetanide,0,Meta
517,nifedipine,bumetanide,0,Meta
518,nisoldipine,bumetanide,0,Meta
519,olmesartan,bumetanide,0,Meta
520,penbutolol,bumetanide,0,Meta
521,perindopril,bumetanide,0,Meta
522,pindolol,bumetanide,0,Meta
523,prazosin,bumetanide,0,Meta
524,propranolol,bumetanide,0,Meta
525,quinapril,bumetanide,0,Meta
526,ramipril,bumetanide,0,Meta
527,spironolactone,bumetanide,0,Meta
528,telmisartan,bumetanide,0,Meta
529,terazosin,bumetanide,0,Meta
530,torsemide,bumetanide,0,Meta
531,trandolapril,bumetanide,0,Meta
532,triamterene,bumetanide,0,Meta
533,valsartan,bumetanide,0,Meta
534,verapamil,bumetanide,0,Meta
535,co-amilozide,bumetanide,0,Meta
536,captopril,candesartan,6913,Meta
537,carvedilol,candesartan,44427,Meta
538,chlorthalidone,candesartan,35105,Meta
539,clonidine,candesartan,46593,Meta
540,diltiazem,candesartan,56797,Meta
541,doxazosin,candesartan,22839,Meta
542,enalapril,candesartan,75186,Meta
543,eplerenone,candesartan,0,Meta
544,eprosartan,candesartan,0,Meta
545,felodipine,candesartan,15134,Meta
546,fosinopril,candesartan,17990,Meta
547,furosemide,candesartan,89396,Meta
548,guanfacine,candesartan,0,Meta
549,hydralazine,candesartan,8143,Meta
550,hydrochlorothiazide,candesartan,533417,Meta
551,indapamide,candesartan,7330,Meta
552,irbesartan,candesartan,53523,Meta
553,isradipine,candesartan,0,Meta
554,labetalol,candesartan,75005,Meta
555,lisinopril,candesartan,1234313,Meta
556,losartan,candesartan,220256,Meta
557,methyldopa,candesartan,23757,Meta
558,metolazone,candesartan,0,Meta
559,metoprolol,candesartan,388697,Meta
560,minoxidil,candesartan,0,Meta
561,moexipril,candesartan,0,Meta
562,nadolol,candesartan,16784,Meta
563,nebivolol,candesartan,0,Meta
564,nicardipine,candesartan,10739,Meta
565,nifedipine,candesartan,76144,Meta
566,nisoldipine,candesartan,0,Meta
567,olmesartan,candesartan,103031,Meta
568,penbutolol,candesartan,0,Meta
569,perindopril,candesartan,0,Meta
570,pindolol,candesartan,0,Meta
571,prazosin,candesartan,0,Meta
572,propranolol,candesartan,64219,Meta
573,quinapril,candesartan,38001,Meta
574,ramipril,candesartan,87834,Meta
575,spironolactone,candesartan,27910,Meta
576,telmisartan,candesartan,51049,Meta
577,terazosin,candesartan,21025,Meta
578,torsemide,candesartan,0,Meta
579,trandolapril,candesartan,0,Meta
580,triamterene,candesartan,0,Meta
581,valsartan,candesartan,127943,Meta
582,verapamil,candesartan,40357,Meta
583,co-amilozide,candesartan,0,Meta
584,carvedilol,captopril,15880,Meta
585,chlorthalidone,captopril,10037,Meta
586,clonidine,captopril,17313,Meta
587,diltiazem,captopril,24221,Meta
588,doxazosin,captopril,9611,Meta
589,enalapril,captopril,29773,Meta
590,eplerenone,captopril,0,Meta
591,eprosartan,captopril,0,Meta
592,felodipine,captopril,5824,Meta
593,fosinopril,captopril,7011,Meta
594,furosemide,captopril,40954,Meta
595,guanfacine,captopril,0,Meta
596,hydralazine,captopril,0,Meta
597,hydrochlorothiazide,captopril,189034,Meta
598,indapamide,captopril,0,Meta
599,irbesartan,captopril,13448,Meta
600,isradipine,captopril,0,Meta
601,labetalol,captopril,20396,Meta
602,lisinopril,captopril,435576,Meta
603,losartan,captopril,69745,Meta
604,methyldopa,captopril,7982,Meta
605,metolazone,captopril,0,Meta
606,metoprolol,captopril,153094,Meta
607,minoxidil,captopril,0,Meta
608,moexipril,captopril,0,Meta
609,nadolol,captopril,5452,Meta
610,nebivolol,captopril,0,Meta
611,nicardipine,captopril,0,Meta
612,nifedipine,captopril,21299,Meta
613,nisoldipine,captopril,0,Meta
614,olmesartan,captopril,0,Meta
615,penbutolol,captopril,0,Meta
616,perindopril,captopril,0,Meta
617,pindolol,captopril,0,Meta
618,prazosin,captopril,0,Meta
619,propranolol,captopril,22739,Meta
620,quinapril,captopril,16963,Meta
621,ramipril,captopril,38398,Meta
622,spironolactone,captopril,9502,Meta
623,telmisartan,captopril,11152,Meta
624,terazosin,captopril,8603,Meta
625,torsemide,captopril,0,Meta
626,trandolapril,captopril,0,Meta
627,triamterene,captopril,0,Meta
628,valsartan,captopril,45645,Meta
629,verapamil,captopril,16383,Meta
630,co-amilozide,captopril,0,Meta
631,chlorthalidone,carvedilol,60063,Meta
632,clonidine,carvedilol,85940,Meta
633,diltiazem,carvedilol,97038,Meta
634,doxazosin,carvedilol,53512,Meta
635,enalapril,carvedilol,115681,Meta
636,eplerenone,carvedilol,0,Meta
637,eprosartan,carvedilol,0,Meta
638,felodipine,carvedilol,34694,Meta
639,fosinopril,carvedilol,37561,Meta
640,furosemide,carvedilol,144481,Meta
641,guanfacine,carvedilol,0,Meta
642,hydralazine,carvedilol,27589,Meta
643,hydrochlorothiazide,carvedilol,629124,Meta
644,indapamide,carvedilol,17907,Meta
645,irbesartan,carvedilol,63932,Meta
646,isradipine,carvedilol,0,Meta
647,labetalol,carvedilol,110244,Meta
648,lisinopril,carvedilol,1391207,Meta
649,losartan,carvedilol,254673,Meta
650,methyldopa,carvedilol,43347,Meta
651,metolazone,carvedilol,0,Meta
652,metoprolol,carvedilol,472843,Meta
653,minoxidil,carvedilol,0,Meta
654,moexipril,carvedilol,0,Meta
655,nadolol,carvedilol,41732,Meta
656,nebivolol,carvedilol,74405,Meta
657,nicardipine,carvedilol,0,Meta
658,nifedipine,carvedilol,102717,Meta
659,nisoldipine,carvedilol,0,Meta
660,olmesartan,carvedilol,116608,Meta
661,penbutolol,carvedilol,0,Meta
662,perindopril,carvedilol,0,Meta
663,pindolol,carvedilol,0,Meta
664,prazosin,carvedilol,0,Meta
665,propranolol,carvedilol,103278,Meta
666,quinapril,carvedilol,62925,Meta
667,ramipril,carvedilol,122763,Meta
668,spironolactone,carvedilol,52860,Meta
669,telmisartan,carvedilol,55755,Meta
670,terazosin,carvedilol,51976,Meta
671,torsemide,carvedilol,0,Meta
672,trandolapril,carvedilol,0,Meta
673,triamterene,carvedilol,0,Meta
674,valsartan,carvedilol,146629,Meta
675,verapamil,carvedilol,70962,Meta
676,co-amilozide,carvedilol,0,Meta
677,clonidine,chlorthalidone,62221,Meta
678,diltiazem,chlorthalidone,72427,Meta
679,doxazosin,chlorthalidone,38462,Meta
680,enalapril,chlorthalidone,90813,Meta
681,eplerenone,chlorthalidone,0,Meta
682,eprosartan,chlorthalidone,0,Meta
683,felodipine,chlorthalidone,27423,Meta
684,fosinopril,chlorthalidone,30269,Meta
685,furosemide,chlorthalidone,105010,Meta
686,guanfacine,chlorthalidone,0,Meta
687,hydralazine,chlorthalidone,20608,Meta
688,hydrochlorothiazide,chlorthalidone,549045,Meta
689,indapamide,chlorthalidone,16474,Meta
690,irbesartan,chlorthalidone,54610,Meta
691,isradipine,chlorthalidone,0,Meta
692,labetalol,chlorthalidone,90637,Meta
693,lisinopril,chlorthalidone,1249992,Meta
694,losartan,chlorthalidone,221532,Meta
695,methyldopa,chlorthalidone,36071,Meta
696,metolazone,chlorthalidone,0,Meta
697,metoprolol,chlorthalidone,404330,Meta
698,minoxidil,chlorthalidone,0,Meta
699,moexipril,chlorthalidone,0,Meta
700,nadolol,chlorthalidone,32400,Meta
701,nebivolol,chlorthalidone,68567,Meta
702,nicardipine,chlorthalidone,0,Meta
703,nifedipine,chlorthalidone,76548,Meta
704,nisoldipine,chlorthalidone,0,Meta
705,olmesartan,chlorthalidone,99996,Meta
706,penbutolol,chlorthalidone,0,Meta
707,perindopril,chlorthalidone,0,Meta
708,pindolol,chlorthalidone,0,Meta
709,prazosin,chlorthalidone,0,Meta
710,propranolol,chlorthalidone,79856,Meta
711,quinapril,chlorthalidone,53588,Meta
712,ramipril,chlorthalidone,103457,Meta
713,spironolactone,chlorthalidone,43536,Meta
714,telmisartan,chlorthalidone,46437,Meta
715,terazosin,chlorthalidone,36592,Meta
716,torsemide,chlorthalidone,0,Meta
717,trandolapril,chlorthalidone,0,Meta
718,triamterene,chlorthalidone,0,Meta
719,valsartan,chlorthalidone,126499,Meta
720,verapamil,chlorthalidone,55977,Meta
721,co-amilozide,chlorthalidone,0,Meta
722,diltiazem,clonidine,101607,Meta
723,doxazosin,clonidine,55136,Meta
724,enalapril,clonidine,120261,Meta
725,eplerenone,clonidine,0,Meta
726,eprosartan,clonidine,0,Meta
727,felodipine,clonidine,39258,Meta
728,fosinopril,clonidine,42125,Meta
729,furosemide,clonidine,149056,Meta
730,guanfacine,clonidine,0,Meta
731,hydralazine,clonidine,31259,Meta
732,hydrochlorothiazide,clonidine,633755,Meta
733,indapamide,clonidine,21050,Meta
734,irbesartan,clonidine,66089,Meta
735,isradipine,clonidine,0,Meta
736,labetalol,clonidine,115335,Meta
737,lisinopril,clonidine,1395842,Meta
738,losartan,clonidine,259226,Meta
739,methyldopa,clonidine,47905,Meta
740,metolazone,clonidine,0,Meta
741,metoprolol,clonidine,477433,Meta
742,minoxidil,clonidine,0,Meta
743,moexipril,clonidine,0,Meta
744,nadolol,clonidine,43885,Meta
745,nebivolol,clonidine,69543,Meta
746,nicardipine,clonidine,0,Meta
747,nifedipine,clonidine,107277,Meta
748,nisoldipine,clonidine,0,Meta
749,olmesartan,clonidine,116730,Meta
750,penbutolol,clonidine,0,Meta
751,perindopril,clonidine,0,Meta
752,pindolol,clonidine,0,Meta
753,prazosin,clonidine,0,Meta
754,propranolol,clonidine,107823,Meta
755,quinapril,clonidine,65092,Meta
756,ramipril,clonidine,124401,Meta
757,spironolactone,clonidine,55025,Meta
758,telmisartan,clonidine,57920,Meta
759,terazosin,clonidine,53592,Meta
760,torsemide,clonidine,0,Meta
761,trandolapril,clonidine,0,Meta
762,triamterene,clonidine,0,Meta
763,valsartan,clonidine,147826,Meta
764,verapamil,clonidine,72591,Meta
765,co-amilozide,clonidine,0,Meta
766,doxazosin,diltiazem,69660,Meta
767,enalapril,diltiazem,131410,Meta
768,eplerenone,diltiazem,0,Meta
769,eprosartan,diltiazem,0,Meta
770,felodipine,diltiazem,46091,Meta
771,fosinopril,diltiazem,48956,Meta
772,furosemide,diltiazem,160207,Meta
773,guanfacine,diltiazem,0,Meta
774,hydralazine,diltiazem,31155,Meta
775,hydrochlorothiazide,diltiazem,644923,Meta
776,indapamide,diltiazem,20966,Meta
777,irbesartan,diltiazem,76294,Meta
778,isradipine,diltiazem,0,Meta
779,labetalol,diltiazem,122151,Meta
780,lisinopril,diltiazem,1406997,Meta
781,losartan,diltiazem,270365,Meta
782,methyldopa,diltiazem,54732,Meta
783,metolazone,diltiazem,0,Meta
784,metoprolol,diltiazem,488606,Meta
785,minoxidil,diltiazem,0,Meta
786,moexipril,diltiazem,0,Meta
787,nadolol,diltiazem,54094,Meta
788,nebivolol,diltiazem,73704,Meta
789,nicardipine,diltiazem,0,Meta
790,nifedipine,diltiazem,118420,Meta
791,nisoldipine,diltiazem,0,Meta
792,olmesartan,diltiazem,129085,Meta
793,penbutolol,diltiazem,0,Meta
794,perindopril,diltiazem,0,Meta
795,pindolol,diltiazem,0,Meta
796,prazosin,diltiazem,0,Meta
797,propranolol,diltiazem,118936,Meta
798,quinapril,diltiazem,75302,Meta
799,ramipril,diltiazem,138933,Meta
800,spironolactone,diltiazem,65230,Meta
801,telmisartan,diltiazem,68126,Meta
802,terazosin,diltiazem,68124,Meta
803,torsemide,diltiazem,0,Meta
804,trandolapril,diltiazem,0,Meta
805,triamterene,diltiazem,0,Meta
806,valsartan,diltiazem,161503,Meta
807,verapamil,diltiazem,87117,Meta
808,co-amilozide,diltiazem,0,Meta
809,enalapril,doxazosin,87546,Meta
810,eplerenone,doxazosin,0,Meta
811,eprosartan,doxazosin,0,Meta
812,felodipine,doxazosin,17861,Meta
813,fosinopril,doxazosin,20719,Meta
814,furosemide,doxazosin,109602,Meta
815,guanfacine,doxazosin,0,Meta
816,hydralazine,doxazosin,8802,Meta
817,hydrochlorothiazide,doxazosin,572211,Meta
818,indapamide,doxazosin,7356,Meta
819,irbesartan,doxazosin,42344,Meta
820,isradipine,doxazosin,0,Meta
821,labetalol,doxazosin,78362,Meta
822,lisinopril,doxazosin,1309288,Meta
823,losartan,doxazosin,225036,Meta
824,methyldopa,doxazosin,26488,Meta
825,metolazone,doxazosin,0,Meta
826,metoprolol,doxazosin,430402,Meta
827,minoxidil,doxazosin,0,Meta
828,moexipril,doxazosin,0,Meta
829,nadolol,doxazosin,20143,Meta
830,nebivolol,doxazosin,52958,Meta
831,nicardipine,doxazosin,0,Meta
832,nifedipine,doxazosin,70062,Meta
833,nisoldipine,doxazosin,0,Meta
834,olmesartan,doxazosin,86904,Meta
835,penbutolol,doxazosin,0,Meta
836,perindopril,doxazosin,0,Meta
837,pindolol,doxazosin,0,Meta
838,prazosin,doxazosin,0,Meta
839,propranolol,doxazosin,72560,Meta
840,quinapril,doxazosin,41359,Meta
841,ramipril,doxazosin,100365,Meta
842,spironolactone,doxazosin,31277,Meta
843,telmisartan,doxazosin,34168,Meta
844,terazosin,doxazosin,29614,Meta
845,torsemide,doxazosin,0,Meta
846,trandolapril,doxazosin,0,Meta
847,triamterene,doxazosin,0,Meta
848,valsartan,doxazosin,113928,Meta
849,verapamil,doxazosin,48564,Meta
850,co-amilozide,doxazosin,0,Meta
851,eplerenone,enalapril,0,Meta
852,eprosartan,enalapril,0,Meta
853,felodipine,enalapril,65810,Meta
854,fosinopril,enalapril,68673,Meta
855,furosemide,enalapril,178856,Meta
856,guanfacine,enalapril,0,Meta
857,hydralazine,enalapril,44781,Meta
858,hydrochlorothiazide,enalapril,663559,Meta
859,indapamide,enalapril,35132,Meta
860,irbesartan,enalapril,94685,Meta
861,isradipine,enalapril,0,Meta
862,labetalol,enalapril,141321,Meta
863,lisinopril,enalapril,1425599,Meta
864,losartan,enalapril,289012,Meta
865,methyldopa,enalapril,74448,Meta
866,metolazone,enalapril,0,Meta
867,metoprolol,enalapril,507230,Meta
868,minoxidil,enalapril,0,Meta
869,moexipril,enalapril,0,Meta
870,nadolol,enalapril,72474,Meta
871,nebivolol,enalapril,84068,Meta
872,nicardipine,enalapril,0,Meta
873,nifedipine,enalapril,137073,Meta
874,nisoldipine,enalapril,0,Meta
875,olmesartan,enalapril,146653,Meta
876,penbutolol,enalapril,0,Meta
877,perindopril,enalapril,0,Meta
878,pindolol,enalapril,0,Meta
879,prazosin,enalapril,0,Meta
880,propranolol,enalapril,137594,Meta
881,quinapril,enalapril,93689,Meta
882,ramipril,enalapril,156809,Meta
883,spironolactone,enalapril,83623,Meta
884,telmisartan,enalapril,86519,Meta
885,terazosin,enalapril,86012,Meta
886,torsemide,enalapril,0,Meta
887,trandolapril,enalapril,0,Meta
888,triamterene,enalapril,0,Meta
889,valsartan,enalapril,179620,Meta
890,verapamil,enalapril,105002,Meta
891,co-amilozide,enalapril,0,Meta
892,eprosartan,eplerenone,0,Meta
893,felodipine,eplerenone,0,Meta
894,fosinopril,eplerenone,0,Meta
895,furosemide,eplerenone,0,Meta
896,guanfacine,eplerenone,0,Meta
897,hydralazine,eplerenone,0,Meta
898,hydrochlorothiazide,eplerenone,0,Meta
899,indapamide,eplerenone,0,Meta
900,irbesartan,eplerenone,0,Meta
901,isradipine,eplerenone,0,Meta
902,labetalol,eplerenone,0,Meta
903,lisinopril,eplerenone,0,Meta
904,losartan,eplerenone,0,Meta
905,methyldopa,eplerenone,0,Meta
906,metolazone,eplerenone,0,Meta
907,metoprolol,eplerenone,0,Meta
908,minoxidil,eplerenone,0,Meta
909,moexipril,eplerenone,0,Meta
910,nadolol,eplerenone,0,Meta
911,nebivolol,eplerenone,0,Meta
912,nicardipine,eplerenone,0,Meta
913,nifedipine,eplerenone,0,Meta
914,nisoldipine,eplerenone,0,Meta
915,olmesartan,eplerenone,0,Meta
916,penbutolol,eplerenone,0,Meta
917,perindopril,eplerenone,0,Meta
918,pindolol,eplerenone,0,Meta
919,prazosin,eplerenone,0,Meta
920,propranolol,eplerenone,0,Meta
921,quinapril,eplerenone,0,Meta
922,ramipril,eplerenone,0,Meta
923,spironolactone,eplerenone,0,Meta
924,telmisartan,eplerenone,0,Meta
925,terazosin,eplerenone,0,Meta
926,torsemide,eplerenone,0,Meta
927,trandolapril,eplerenone,0,Meta
928,triamterene,eplerenone,0,Meta
929,valsartan,eplerenone,0,Meta
930,verapamil,eplerenone,0,Meta
931,co-amilozide,eplerenone,0,Meta
932,felodipine,eprosartan,0,Meta
933,fosinopril,eprosartan,0,Meta
934,furosemide,eprosartan,0,Meta
935,guanfacine,eprosartan,0,Meta
936,hydralazine,eprosartan,0,Meta
937,hydrochlorothiazide,eprosartan,0,Meta
938,indapamide,eprosartan,0,Meta
939,irbesartan,eprosartan,0,Meta
940,isradipine,eprosartan,0,Meta
941,labetalol,eprosartan,0,Meta
942,lisinopril,eprosartan,0,Meta
943,losartan,eprosartan,0,Meta
944,methyldopa,eprosartan,0,Meta
945,metolazone,eprosartan,0,Meta
946,metoprolol,eprosartan,0,Meta
947,minoxidil,eprosartan,0,Meta
948,moexipril,eprosartan,0,Meta
949,nadolol,eprosartan,0,Meta
950,nebivolol,eprosartan,0,Meta
951,nicardipine,eprosartan,0,Meta
952,nifedipine,eprosartan,0,Meta
953,nisoldipine,eprosartan,0,Meta
954,olmesartan,eprosartan,0,Meta
955,penbutolol,eprosartan,0,Meta
956,perindopril,eprosartan,0,Meta
957,pindolol,eprosartan,0,Meta
958,prazosin,eprosartan,0,Meta
959,propranolol,eprosartan,0,Meta
960,quinapril,eprosartan,0,Meta
961,ramipril,eprosartan,0,Meta
962,spironolactone,eprosartan,0,Meta
963,telmisartan,eprosartan,0,Meta
964,terazosin,eprosartan,0,Meta
965,torsemide,eprosartan,0,Meta
966,trandolapril,eprosartan,0,Meta
967,triamterene,eprosartan,0,Meta
968,valsartan,eprosartan,0,Meta
969,verapamil,eprosartan,0,Meta
970,co-amilozide,eprosartan,0,Meta
971,fosinopril,felodipine,14618,Meta
972,furosemide,felodipine,73702,Meta
973,guanfacine,felodipine,0,Meta
974,hydralazine,felodipine,4033,Meta
975,hydrochlorothiazide,felodipine,477652,Meta
976,indapamide,felodipine,5055,Meta
977,irbesartan,felodipine,33183,Meta
978,isradipine,felodipine,0,Meta
979,labetalol,felodipine,60953,Meta
980,lisinopril,felodipine,1076910,Meta
981,losartan,felodipine,174247,Meta
982,methyldopa,felodipine,20396,Meta
983,metolazone,felodipine,0,Meta
984,metoprolol,felodipine,332292,Meta
985,minoxidil,felodipine,0,Meta
986,moexipril,felodipine,0,Meta
987,nadolol,felodipine,12182,Meta
988,nebivolol,felodipine,0,Meta
989,nicardipine,felodipine,0,Meta
990,nifedipine,felodipine,51510,Meta
991,nisoldipine,felodipine,0,Meta
992,olmesartan,felodipine,32930,Meta
993,penbutolol,felodipine,0,Meta
994,perindopril,felodipine,0,Meta
995,pindolol,felodipine,0,Meta
996,prazosin,felodipine,0,Meta
997,propranolol,felodipine,54328,Meta
998,quinapril,felodipine,32464,Meta
999,ramipril,felodipine,80188,Meta
1000,spironolactone,felodipine,22293,Meta
1001,telmisartan,felodipine,25930,Meta
1002,terazosin,felodipine,16182,Meta
1003,torsemide,felodipine,0,Meta
1004,trandolapril,felodipine,0,Meta
1005,triamterene,felodipine,0,Meta
1006,valsartan,felodipine,46443,Meta
1007,verapamil,felodipine,33340,Meta
1008,co-amilozide,felodipine,0,Meta
1009,furosemide,fosinopril,76598,Meta
1010,guanfacine,fosinopril,0,Meta
1011,hydralazine,fosinopril,5692,Meta
1012,hydrochlorothiazide,fosinopril,480645,Meta
1013,indapamide,fosinopril,6716,Meta
1014,irbesartan,fosinopril,36029,Meta
1015,isradipine,fosinopril,0,Meta
1016,labetalol,fosinopril,63819,Meta
1017,lisinopril,fosinopril,1080092,Meta
1018,losartan,fosinopril,177203,Meta
1019,methyldopa,fosinopril,23235,Meta
1020,metolazone,fosinopril,0,Meta
1021,metoprolol,fosinopril,335277,Meta
1022,minoxidil,fosinopril,0,Meta
1023,moexipril,fosinopril,0,Meta
1024,nadolol,fosinopril,15031,Meta
1025,nebivolol,fosinopril,0,Meta
1026,nicardipine,fosinopril,0,Meta
1027,nifedipine,fosinopril,54368,Meta
1028,nisoldipine,fosinopril,0,Meta
1029,olmesartan,fosinopril,77694,Meta
1030,penbutolol,fosinopril,0,Meta
1031,perindopril,fosinopril,0,Meta
1032,pindolol,fosinopril,0,Meta
1033,prazosin,fosinopril,0,Meta
1034,propranolol,fosinopril,57196,Meta
1035,quinapril,fosinopril,35332,Meta
1036,ramipril,fosinopril,83049,Meta
1037,spironolactone,fosinopril,25146,Meta
1038,telmisartan,fosinopril,28782,Meta
1039,terazosin,fosinopril,19039,Meta
1040,torsemide,fosinopril,0,Meta
1041,trandolapril,fosinopril,0,Meta
1042,triamterene,fosinopril,0,Meta
1043,valsartan,fosinopril,102098,Meta
1044,verapamil,fosinopril,36202,Meta
1045,co-amilozide,fosinopril,0,Meta
1046,guanfacine,furosemide,0,Meta
1047,hydralazine,furosemide,54462,Meta
1048,hydrochlorothiazide,furosemide,692380,Meta
1049,indapamide,furosemide,31839,Meta
1050,irbesartan,furosemide,108868,Meta
1051,isradipine,furosemide,0,Meta
1052,labetalol,furosemide,162252,Meta
1053,lisinopril,furosemide,1454454,Meta
1054,losartan,furosemide,317818,Meta
1055,methyldopa,furosemide,82355,Meta
1056,metolazone,furosemide,0,Meta
1057,metoprolol,furosemide,536067,Meta
1058,minoxidil,furosemide,0,Meta
1059,moexipril,furosemide,0,Meta
1060,nadolol,furosemide,86689,Meta
1061,nebivolol,furosemide,101031,Meta
1062,nicardipine,furosemide,0,Meta
1063,nifedipine,furosemide,165872,Meta
1064,nisoldipine,furosemide,0,Meta
1065,olmesartan,furosemide,168757,Meta
1066,penbutolol,furosemide,0,Meta
1067,perindopril,furosemide,0,Meta
1068,pindolol,furosemide,0,Meta
1069,prazosin,furosemide,0,Meta
1070,propranolol,furosemide,166388,Meta
1071,quinapril,furosemide,107891,Meta
1072,ramipril,furosemide,178885,Meta
1073,spironolactone,furosemide,97813,Meta
1074,telmisartan,furosemide,100721,Meta
1075,terazosin,furosemide,108036,Meta
1076,torsemide,furosemide,0,Meta
1077,trandolapril,furosemide,0,Meta
1078,triamterene,furosemide,0,Meta
1079,valsartan,furosemide,201181,Meta
1080,verapamil,furosemide,127068,Meta
1081,co-amilozide,furosemide,0,Meta
1082,hydralazine,guanfacine,0,Meta
1083,hydrochlorothiazide,guanfacine,0,Meta
1084,indapamide,guanfacine,0,Meta
1085,irbesartan,guanfacine,0,Meta
1086,isradipine,guanfacine,0,Meta
1087,labetalol,guanfacine,0,Meta
1088,lisinopril,guanfacine,0,Meta
1089,losartan,guanfacine,0,Meta
1090,methyldopa,guanfacine,0,Meta
1091,metolazone,guanfacine,0,Meta
1092,metoprolol,guanfacine,0,Meta
1093,minoxidil,guanfacine,0,Meta
1094,moexipril,guanfacine,0,Meta
1095,nadolol,guanfacine,0,Meta
1096,nebivolol,guanfacine,0,Meta
1097,nicardipine,guanfacine,0,Meta
1098,nifedipine,guanfacine,0,Meta
1099,nisoldipine,guanfacine,0,Meta
1100,olmesartan,guanfacine,0,Meta
1101,penbutolol,guanfacine,0,Meta
1102,perindopril,guanfacine,0,Meta
1103,pindolol,guanfacine,0,Meta
1104,prazosin,guanfacine,0,Meta
1105,propranolol,guanfacine,0,Meta
1106,quinapril,guanfacine,0,Meta
1107,ramipril,guanfacine,0,Meta
1108,spironolactone,guanfacine,0,Meta
1109,telmisartan,guanfacine,0,Meta
1110,terazosin,guanfacine,0,Meta
1111,torsemide,guanfacine,0,Meta
1112,trandolapril,guanfacine,0,Meta
1113,triamterene,guanfacine,0,Meta
1114,valsartan,guanfacine,0,Meta
1115,verapamil,guanfacine,0,Meta
1116,co-amilozide,guanfacine,0,Meta
1117,hydrochlorothiazide,hydralazine,372139,Meta
1118,indapamide,hydralazine,3963,Meta
1119,irbesartan,hydralazine,21101,Meta
1120,isradipine,hydralazine,0,Meta
1121,labetalol,hydralazine,58453,Meta
1122,lisinopril,hydralazine,850421,Meta
1123,losartan,hydralazine,136441,Meta
1124,methyldopa,hydralazine,10504,Meta
1125,metolazone,hydralazine,0,Meta
1126,metoprolol,hydralazine,248853,Meta
1127,minoxidil,hydralazine,0,Meta
1128,moexipril,hydralazine,0,Meta
1129,nadolol,hydralazine,6911,Meta
1130,nebivolol,hydralazine,33930,Meta
1131,nicardipine,hydralazine,0,Meta
1132,nifedipine,hydralazine,43465,Meta
1133,nisoldipine,hydralazine,0,Meta
1134,olmesartan,hydralazine,47394,Meta
1135,penbutolol,hydralazine,0,Meta
1136,perindopril,hydralazine,0,Meta
1137,pindolol,hydralazine,0,Meta
1138,prazosin,hydralazine,0,Meta
1139,propranolol,hydralazine,43333,Meta
1140,quinapril,hydralazine,16605,Meta
1141,ramipril,hydralazine,44995,Meta
1142,spironolactone,hydralazine,13980,Meta
1143,telmisartan,hydralazine,15240,Meta
1144,terazosin,hydralazine,7999,Meta
1145,torsemide,hydralazine,0,Meta
1146,trandolapril,hydralazine,0,Meta
1147,triamterene,hydralazine,0,Meta
1148,valsartan,hydralazine,60714,Meta
1149,verapamil,hydralazine,19542,Meta
1150,co-amilozide,hydralazine,0,Meta
1151,indapamide,hydrochlorothiazide,287590,Meta
1152,irbesartan,hydrochlorothiazide,552856,Meta
1153,isradipine,hydrochlorothiazide,0,Meta
1154,labetalol,hydrochlorothiazide,628359,Meta
1155,lisinopril,hydrochlorothiazide,1939170,Meta
1156,losartan,hydrochlorothiazide,802529,Meta
1157,methyldopa,hydrochlorothiazide,486492,Meta
1158,metolazone,hydrochlorothiazide,0,Meta
1159,metoprolol,hydrochlorothiazide,1020779,Meta
1160,minoxidil,hydrochlorothiazide,0,Meta
1161,moexipril,hydrochlorothiazide,0,Meta
1162,nadolol,hydrochlorothiazide,530622,Meta
1163,nebivolol,hydrochlorothiazide,399135,Meta
1164,nicardipine,hydrochlorothiazide,0,Meta
1165,nifedipine,hydrochlorothiazide,650586,Meta
1166,nisoldipine,hydrochlorothiazide,0,Meta
1167,olmesartan,hydrochlorothiazide,621494,Meta
1168,penbutolol,hydrochlorothiazide,0,Meta
1169,perindopril,hydrochlorothiazide,0,Meta
1170,pindolol,hydrochlorothiazide,0,Meta
1171,prazosin,hydrochlorothiazide,0,Meta
1172,propranolol,hydrochlorothiazide,651079,Meta
1173,quinapril,hydrochlorothiazide,551713,Meta
1174,ramipril,hydrochlorothiazide,641556,Meta
1175,spironolactone,hydrochlorothiazide,541817,Meta
1176,telmisartan,hydrochlorothiazide,544738,Meta
1177,terazosin,hydrochlorothiazide,570166,Meta
1178,torsemide,hydrochlorothiazide,0,Meta
1179,trandolapril,hydrochlorothiazide,0,Meta
1180,triamterene,hydrochlorothiazide,0,Meta
1181,valsartan,hydrochlorothiazide,661079,Meta
1182,verapamil,hydrochlorothiazide,589696,Meta
1183,co-amilozide,hydrochlorothiazide,0,Meta
1184,irbesartan,indapamide,18836,Meta
1185,isradipine,indapamide,0,Meta
1186,labetalol,indapamide,39646,Meta
1187,lisinopril,indapamide,639932,Meta
1188,losartan,indapamide,103393,Meta
1189,methyldopa,indapamide,11522,Meta
1190,metolazone,indapamide,0,Meta
1191,metoprolol,indapamide,178192,Meta
1192,minoxidil,indapamide,0,Meta
1193,moexipril,indapamide,0,Meta
1194,nadolol,indapamide,5838,Meta
1195,nebivolol,indapamide,0,Meta
1196,nicardipine,indapamide,0,Meta
1197,nifedipine,indapamide,29306,Meta
1198,nisoldipine,indapamide,0,Meta
1199,olmesartan,indapamide,0,Meta
1200,penbutolol,indapamide,0,Meta
1201,perindopril,indapamide,0,Meta
1202,pindolol,indapamide,0,Meta
1203,prazosin,indapamide,0,Meta
1204,propranolol,indapamide,30678,Meta
1205,quinapril,indapamide,14614,Meta
1206,ramipril,indapamide,40897,Meta
1207,spironolactone,indapamide,11897,Meta
1208,telmisartan,indapamide,13884,Meta
1209,terazosin,indapamide,6688,Meta
1210,torsemide,indapamide,0,Meta
1211,trandolapril,indapamide,0,Meta
1212,triamterene,indapamide,0,Meta
1213,valsartan,indapamide,0,Meta
1214,verapamil,indapamide,16061,Meta
1215,co-amilozide,indapamide,0,Meta
1216,isradipine,irbesartan,0,Meta
1217,labetalol,irbesartan,94501,Meta
1218,lisinopril,irbesartan,1253649,Meta
1219,losartan,irbesartan,233945,Meta
1220,methyldopa,irbesartan,41818,Meta
1221,metolazone,irbesartan,0,Meta
1222,metoprolol,irbesartan,408128,Meta
1223,minoxidil,irbesartan,0,Meta
1224,moexipril,irbesartan,0,Meta
1225,nadolol,irbesartan,36286,Meta
1226,nebivolol,irbesartan,58244,Meta
1227,nicardipine,irbesartan,0,Meta
1228,nifedipine,irbesartan,89891,Meta
1229,nisoldipine,irbesartan,0,Meta
1230,olmesartan,irbesartan,116424,Meta
1231,penbutolol,irbesartan,0,Meta
1232,perindopril,irbesartan,0,Meta
1233,pindolol,irbesartan,0,Meta
1234,prazosin,irbesartan,0,Meta
1235,propranolol,irbesartan,83719,Meta
1236,quinapril,irbesartan,57480,Meta
1237,ramipril,irbesartan,107326,Meta
1238,spironolactone,irbesartan,47417,Meta
1239,telmisartan,irbesartan,64692,Meta
1240,terazosin,irbesartan,40502,Meta
1241,torsemide,irbesartan,0,Meta
1242,trandolapril,irbesartan,0,Meta
1243,triamterene,irbesartan,0,Meta
1244,valsartan,irbesartan,141288,Meta
1245,verapamil,irbesartan,59856,Meta
1246,co-amilozide,irbesartan,0,Meta
1247,labetalol,isradipine,0,Meta
1248,lisinopril,isradipine,0,Meta
1249,losartan,isradipine,0,Meta
1250,methyldopa,isradipine,0,Meta
1251,metolazone,isradipine,0,Meta
1252,metoprolol,isradipine,0,Meta
1253,minoxidil,isradipine,0,Meta
1254,moexipril,isradipine,0,Meta
1255,nadolol,isradipine,0,Meta
1256,nebivolol,isradipine,0,Meta
1257,nicardipine,isradipine,0,Meta
1258,nifedipine,isradipine,0,Meta
1259,nisoldipine,isradipine,0,Meta
1260,olmesartan,isradipine,0,Meta
1261,penbutolol,isradipine,0,Meta
1262,perindopril,isradipine,0,Meta
1263,pindolol,isradipine,0,Meta
1264,prazosin,isradipine,0,Meta
1265,propranolol,isradipine,0,Meta
1266,quinapril,isradipine,0,Meta
1267,ramipril,isradipine,0,Meta
1268,spironolactone,isradipine,0,Meta
1269,telmisartan,isradipine,0,Meta
1270,terazosin,isradipine,0,Meta
1271,torsemide,isradipine,0,Meta
1272,trandolapril,isradipine,0,Meta
1273,triamterene,isradipine,0,Meta
1274,valsartan,isradipine,0,Meta
1275,verapamil,isradipine,0,Meta
1276,co-amilozide,isradipine,0,Meta
1277,lisinopril,labetalol,1354135,Meta
1278,losartan,labetalol,273412,Meta
1279,methyldopa,labetalol,69621,Meta
1280,metolazone,labetalol,0,Meta
1281,metoprolol,labetalol,469095,Meta
1282,minoxidil,labetalol,0,Meta
1283,moexipril,labetalol,0,Meta
1284,nadolol,labetalol,72279,Meta
1285,nebivolol,labetalol,100562,Meta
1286,nicardipine,labetalol,0,Meta
1287,nifedipine,labetalol,131540,Meta
1288,nisoldipine,labetalol,0,Meta
1289,olmesartan,labetalol,139344,Meta
1290,penbutolol,labetalol,0,Meta
1291,perindopril,labetalol,0,Meta
1292,pindolol,labetalol,0,Meta
1293,prazosin,labetalol,0,Meta
1294,propranolol,labetalol,132875,Meta
1295,quinapril,labetalol,93459,Meta
1296,ramipril,labetalol,143370,Meta
1297,spironolactone,labetalol,83435,Meta
1298,telmisartan,labetalol,86332,Meta
1299,terazosin,labetalol,76418,Meta
1300,torsemide,labetalol,0,Meta
1301,trandolapril,labetalol,0,Meta
1302,triamterene,labetalol,0,Meta
1303,valsartan,labetalol,166210,Meta
1304,verapamil,labetalol,95884,Meta
1305,co-amilozide,labetalol,0,Meta
1306,losartan,lisinopril,1564604,Meta
1307,methyldopa,lisinopril,1086214,Meta
1308,metolazone,lisinopril,0,Meta
1309,metoprolol,lisinopril,1782853,Meta
1310,minoxidil,lisinopril,0,Meta
1311,moexipril,lisinopril,0,Meta
1312,nadolol,lisinopril,1231328,Meta
1313,nebivolol,lisinopril,1062167,Meta
1314,nicardipine,lisinopril,0,Meta
1315,nifedipine,lisinopril,1412651,Meta
1316,nisoldipine,lisinopril,0,Meta
1317,olmesartan,lisinopril,1355637,Meta
1318,penbutolol,lisinopril,0,Meta
1319,perindopril,lisinopril,0,Meta
1320,pindolol,lisinopril,0,Meta
1321,prazosin,lisinopril,0,Meta
1322,propranolol,lisinopril,1413146,Meta
1323,quinapril,lisinopril,1252078,Meta
1324,ramipril,lisinopril,1378804,Meta
1325,spironolactone,lisinopril,1242636,Meta
1326,telmisartan,lisinopril,1245566,Meta
1327,terazosin,lisinopril,1306041,Meta
1328,torsemide,lisinopril,0,Meta
1329,trandolapril,lisinopril,0,Meta
1330,triamterene,lisinopril,0,Meta
1331,valsartan,lisinopril,1397571,Meta
1332,verapamil,lisinopril,1326829,Meta
1333,co-amilozide,lisinopril,0,Meta
1334,methyldopa,losartan,183116,Meta
1335,metolazone,losartan,0,Meta
1336,metoprolol,losartan,646211,Meta
1337,minoxidil,losartan,0,Meta
1338,moexipril,losartan,0,Meta
1339,nadolol,losartan,203078,Meta
1340,nebivolol,losartan,220467,Meta
1341,nicardipine,losartan,4511,Meta
1342,nifedipine,losartan,285037,Meta
1343,nisoldipine,losartan,0,Meta
1344,olmesartan,losartan,299103,Meta
1345,penbutolol,losartan,0,Meta
1346,perindopril,losartan,0,Meta
1347,pindolol,losartan,0,Meta
1348,prazosin,losartan,0,Meta
1349,propranolol,losartan,276553,Meta
1350,quinapril,losartan,224132,Meta
1351,ramipril,losartan,294387,Meta
1352,spironolactone,losartan,214268,Meta
1353,telmisartan,losartan,231186,Meta
1354,terazosin,losartan,222954,Meta
1355,torsemide,losartan,0,Meta
1356,trandolapril,losartan,0,Meta
1357,triamterene,losartan,0,Meta
1358,valsartan,losartan,328550,Meta
1359,verapamil,losartan,242521,Meta
1360,co-amilozide,losartan,0,Meta
1361,metolazone,methyldopa,0,Meta
1362,metoprolol,methyldopa,341094,Meta
1363,minoxidil,methyldopa,0,Meta
1364,moexipril,methyldopa,0,Meta
1365,nadolol,methyldopa,20811,Meta
1366,nebivolol,methyldopa,49657,Meta
1367,nicardipine,methyldopa,0,Meta
1368,nifedipine,methyldopa,60156,Meta
1369,nisoldipine,methyldopa,0,Meta
1370,olmesartan,methyldopa,84685,Meta
1371,penbutolol,methyldopa,0,Meta
1372,perindopril,methyldopa,0,Meta
1373,pindolol,methyldopa,0,Meta
1374,prazosin,methyldopa,0,Meta
1375,propranolol,methyldopa,62982,Meta
1376,quinapril,methyldopa,41080,Meta
1377,ramipril,methyldopa,88813,Meta
1378,spironolactone,methyldopa,30925,Meta
1379,telmisartan,methyldopa,34557,Meta
1380,terazosin,methyldopa,24803,Meta
1381,torsemide,methyldopa,0,Meta
1382,trandolapril,methyldopa,0,Meta
1383,triamterene,methyldopa,0,Meta
1384,valsartan,methyldopa,108334,Meta
1385,verapamil,methyldopa,41963,Meta
1386,co-amilozide,methyldopa,0,Meta
1387,metoprolol,metolazone,0,Meta
1388,minoxidil,metolazone,0,Meta
1389,moexipril,metolazone,0,Meta
1390,nadolol,metolazone,0,Meta
1391,nebivolol,metolazone,0,Meta
1392,nicardipine,metolazone,0,Meta
1393,nifedipine,metolazone,0,Meta
1394,nisoldipine,metolazone,0,Meta
1395,olmesartan,metolazone,0,Meta
1396,penbutolol,metolazone,0,Meta
1397,perindopril,metolazone,0,Meta
1398,pindolol,metolazone,0,Meta
1399,prazosin,metolazone,0,Meta
1400,propranolol,metolazone,0,Meta
1401,quinapril,metolazone,0,Meta
1402,ramipril,metolazone,0,Meta
1403,spironolactone,metolazone,0,Meta
1404,telmisartan,metolazone,0,Meta
1405,terazosin,metolazone,0,Meta
1406,torsemide,metolazone,0,Meta
1407,trandolapril,metolazone,0,Meta
1408,triamterene,metolazone,0,Meta
1409,valsartan,metolazone,0,Meta
1410,verapamil,metolazone,0,Meta
1411,co-amilozide,metolazone,0,Meta
1412,minoxidil,metoprolol,0,Meta
1413,moexipril,metoprolol,0,Meta
1414,nadolol,metoprolol,385938,Meta
1415,nebivolol,metoprolol,306834,Meta
1416,nicardipine,metoprolol,0,Meta
1417,nifedipine,metoprolol,494264,Meta
1418,nisoldipine,metoprolol,0,Meta
1419,olmesartan,metoprolol,481287,Meta
1420,penbutolol,metoprolol,0,Meta
1421,perindopril,metoprolol,0,Meta
1422,pindolol,metoprolol,0,Meta
1423,prazosin,metoprolol,0,Meta
1424,propranolol,metoprolol,494752,Meta
1425,quinapril,metoprolol,407056,Meta
1426,ramipril,metoprolol,499768,Meta
1427,spironolactone,metoprolol,397085,Meta
1428,telmisartan,metoprolol,4e+05,Meta
1429,terazosin,metoprolol,428523,Meta
1430,torsemide,metoprolol,0,Meta
1431,trandolapril,metoprolol,0,Meta
1432,triamterene,metoprolol,0,Meta
1433,valsartan,metoprolol,520222,Meta
1434,verapamil,metoprolol,447894,Meta
1435,co-amilozide,metoprolol,0,Meta
1436,moexipril,minoxidil,0,Meta
1437,nadolol,minoxidil,0,Meta
1438,nebivolol,minoxidil,0,Meta
1439,nicardipine,minoxidil,0,Meta
1440,nifedipine,minoxidil,0,Meta
1441,nisoldipine,minoxidil,0,Meta
1442,olmesartan,minoxidil,0,Meta
1443,penbutolol,minoxidil,0,Meta
1444,perindopril,minoxidil,0,Meta
1445,pindolol,minoxidil,0,Meta
1446,prazosin,minoxidil,0,Meta
1447,propranolol,minoxidil,0,Meta
1448,quinapril,minoxidil,0,Meta
1449,ramipril,minoxidil,0,Meta
1450,spironolactone,minoxidil,0,Meta
1451,telmisartan,minoxidil,0,Meta
1452,terazosin,minoxidil,0,Meta
1453,torsemide,minoxidil,0,Meta
1454,trandolapril,minoxidil,0,Meta
1455,triamterene,minoxidil,0,Meta
1456,valsartan,minoxidil,0,Meta
1457,verapamil,minoxidil,0,Meta
1458,co-amilozide,minoxidil,0,Meta
1459,nadolol,moexipril,0,Meta
1460,nebivolol,moexipril,0,Meta
1461,nicardipine,moexipril,0,Meta
1462,nifedipine,moexipril,0,Meta
1463,nisoldipine,moexipril,0,Meta
1464,olmesartan,moexipril,0,Meta
1465,penbutolol,moexipril,0,Meta
1466,perindopril,moexipril,0,Meta
1467,pindolol,moexipril,0,Meta
1468,prazosin,moexipril,0,Meta
1469,propranolol,moexipril,0,Meta
1470,quinapril,moexipril,0,Meta
1471,ramipril,moexipril,0,Meta
1472,spironolactone,moexipril,0,Meta
1473,telmisartan,moexipril,0,Meta
1474,terazosin,moexipril,0,Meta
1475,torsemide,moexipril,0,Meta
1476,trandolapril,moexipril,0,Meta
1477,triamterene,moexipril,0,Meta
1478,valsartan,moexipril,0,Meta
1479,verapamil,moexipril,0,Meta
1480,co-amilozide,moexipril,0,Meta
1481,nebivolol,nadolol,4999,Meta
1482,nicardipine,nadolol,0,Meta
1483,nifedipine,nadolol,58207,Meta
1484,nisoldipine,nadolol,0,Meta
1485,olmesartan,nadolol,81404,Meta
1486,penbutolol,nadolol,0,Meta
1487,perindopril,nadolol,0,Meta
1488,pindolol,nadolol,0,Meta
1489,prazosin,nadolol,0,Meta
1490,propranolol,nadolol,61508,Meta
1491,quinapril,nadolol,35298,Meta
1492,ramipril,nadolol,85123,Meta
1493,spironolactone,nadolol,25207,Meta
1494,telmisartan,nadolol,28115,Meta
1495,terazosin,nadolol,18326,Meta
1496,torsemide,nadolol,0,Meta
1497,trandolapril,nadolol,0,Meta
1498,triamterene,nadolol,0,Meta
1499,valsartan,nadolol,108081,Meta
1500,verapamil,nadolol,37654,Meta
1501,co-amilozide,nadolol,0,Meta
1502,nicardipine,nebivolol,0,Meta
1503,nifedipine,nebivolol,80376,Meta
1504,nisoldipine,nebivolol,0,Meta
1505,olmesartan,nebivolol,85439,Meta
1506,penbutolol,nebivolol,0,Meta
1507,perindopril,nebivolol,0,Meta
1508,pindolol,nebivolol,0,Meta
1509,prazosin,nebivolol,0,Meta
1510,propranolol,nebivolol,85594,Meta
1511,quinapril,nebivolol,53739,Meta
1512,ramipril,nebivolol,74840,Meta
1513,spironolactone,nebivolol,59284,Meta
1514,telmisartan,nebivolol,55148,Meta
1515,terazosin,nebivolol,51948,Meta
1516,torsemide,nebivolol,0,Meta
1517,trandolapril,nebivolol,0,Meta
1518,triamterene,nebivolol,0,Meta
1519,valsartan,nebivolol,93234,Meta
1520,verapamil,nebivolol,61395,Meta
1521,co-amilozide,nebivolol,0,Meta
1522,nifedipine,nicardipine,5358,Meta
1523,nisoldipine,nicardipine,0,Meta
1524,olmesartan,nicardipine,10048,Meta
1525,penbutolol,nicardipine,0,Meta
1526,perindopril,nicardipine,0,Meta
1527,pindolol,nicardipine,0,Meta
1528,prazosin,nicardipine,0,Meta
1529,propranolol,nicardipine,0,Meta
1530,quinapril,nicardipine,0,Meta
1531,ramipril,nicardipine,0,Meta
1532,spironolactone,nicardipine,0,Meta
1533,telmisartan,nicardipine,10371,Meta
1534,terazosin,nicardipine,0,Meta
1535,torsemide,nicardipine,0,Meta
1536,trandolapril,nicardipine,0,Meta
1537,triamterene,nicardipine,0,Meta
1538,valsartan,nicardipine,7628,Meta
1539,verapamil,nicardipine,0,Meta
1540,co-amilozide,nicardipine,0,Meta
1541,nisoldipine,nifedipine,0,Meta
1542,olmesartan,nifedipine,145622,Meta
1543,penbutolol,nifedipine,0,Meta
1544,perindopril,nifedipine,0,Meta
1545,pindolol,nifedipine,0,Meta
1546,prazosin,nifedipine,0,Meta
1547,propranolol,nifedipine,124608,Meta
1548,quinapril,nifedipine,79402,Meta
1549,ramipril,nifedipine,139330,Meta
1550,spironolactone,nifedipine,69351,Meta
1551,telmisartan,nifedipine,87106,Meta
1552,terazosin,nifedipine,68498,Meta
1553,torsemide,nifedipine,0,Meta
1554,trandolapril,nifedipine,0,Meta
1555,triamterene,nifedipine,0,Meta
1556,valsartan,nifedipine,174465,Meta
1557,verapamil,nifedipine,87516,Meta
1558,co-amilozide,nifedipine,0,Meta
1559,olmesartan,nisoldipine,0,Meta
1560,penbutolol,nisoldipine,0,Meta
1561,perindopril,nisoldipine,0,Meta
1562,pindolol,nisoldipine,0,Meta
1563,prazosin,nisoldipine,0,Meta
1564,propranolol,nisoldipine,0,Meta
1565,quinapril,nisoldipine,0,Meta
1566,ramipril,nisoldipine,0,Meta
1567,spironolactone,nisoldipine,0,Meta
1568,telmisartan,nisoldipine,0,Meta
1569,terazosin,nisoldipine,0,Meta
1570,torsemide,nisoldipine,0,Meta
1571,trandolapril,nisoldipine,0,Meta
1572,triamterene,nisoldipine,0,Meta
1573,valsartan,nisoldipine,0,Meta
1574,verapamil,nisoldipine,0,Meta
1575,co-amilozide,nisoldipine,0,Meta
1576,penbutolol,olmesartan,0,Meta
1577,perindopril,olmesartan,0,Meta
1578,pindolol,olmesartan,0,Meta
1579,prazosin,olmesartan,0,Meta
1580,propranolol,olmesartan,127080,Meta
1581,quinapril,olmesartan,97069,Meta
1582,ramipril,olmesartan,156612,Meta
1583,spironolactone,olmesartan,92446,Meta
1584,telmisartan,olmesartan,114628,Meta
1585,terazosin,olmesartan,91986,Meta
1586,torsemide,olmesartan,0,Meta
1587,trandolapril,olmesartan,0,Meta
1588,triamterene,olmesartan,0,Meta
1589,valsartan,olmesartan,194856,Meta
1590,verapamil,olmesartan,102628,Meta
1591,co-amilozide,olmesartan,0,Meta
1592,perindopril,penbutolol,0,Meta
1593,pindolol,penbutolol,0,Meta
1594,prazosin,penbutolol,0,Meta
1595,propranolol,penbutolol,0,Meta
1596,quinapril,penbutolol,0,Meta
1597,ramipril,penbutolol,0,Meta
1598,spironolactone,penbutolol,0,Meta
1599,telmisartan,penbutolol,0,Meta
1600,terazosin,penbutolol,0,Meta
1601,torsemide,penbutolol,0,Meta
1602,trandolapril,penbutolol,0,Meta
1603,triamterene,penbutolol,0,Meta
1604,valsartan,penbutolol,0,Meta
1605,verapamil,penbutolol,0,Meta
1606,co-amilozide,penbutolol,0,Meta
1607,pindolol,perindopril,0,Meta
1608,prazosin,perindopril,0,Meta
1609,propranolol,perindopril,0,Meta
1610,quinapril,perindopril,0,Meta
1611,ramipril,perindopril,0,Meta
1612,spironolactone,perindopril,0,Meta
1613,telmisartan,perindopril,0,Meta
1614,terazosin,perindopril,0,Meta
1615,torsemide,perindopril,0,Meta
1616,trandolapril,perindopril,0,Meta
1617,triamterene,perindopril,0,Meta
1618,valsartan,perindopril,0,Meta
1619,verapamil,perindopril,0,Meta
1620,co-amilozide,perindopril,0,Meta
1621,prazosin,pindolol,0,Meta
1622,propranolol,pindolol,0,Meta
1623,quinapril,pindolol,0,Meta
1624,ramipril,pindolol,0,Meta
1625,spironolactone,pindolol,0,Meta
1626,telmisartan,pindolol,0,Meta
1627,terazosin,pindolol,0,Meta
1628,torsemide,pindolol,0,Meta
1629,trandolapril,pindolol,0,Meta
1630,triamterene,pindolol,0,Meta
1631,valsartan,pindolol,0,Meta
1632,verapamil,pindolol,0,Meta
1633,co-amilozide,pindolol,0,Meta
1634,propranolol,prazosin,0,Meta
1635,quinapril,prazosin,0,Meta
1636,ramipril,prazosin,0,Meta
1637,spironolactone,prazosin,0,Meta
1638,telmisartan,prazosin,0,Meta
1639,terazosin,prazosin,0,Meta
1640,torsemide,prazosin,0,Meta
1641,trandolapril,prazosin,0,Meta
1642,triamterene,prazosin,0,Meta
1643,valsartan,prazosin,0,Meta
1644,verapamil,prazosin,0,Meta
1645,co-amilozide,prazosin,0,Meta
1646,quinapril,propranolol,82701,Meta
1647,ramipril,propranolol,141825,Meta
1648,spironolactone,propranolol,72654,Meta
1649,telmisartan,propranolol,75547,Meta
1650,terazosin,propranolol,70973,Meta
1651,torsemide,propranolol,0,Meta
1652,trandolapril,propranolol,0,Meta
1653,triamterene,propranolol,0,Meta
1654,valsartan,propranolol,165434,Meta
1655,verapamil,propranolol,90018,Meta
1656,co-amilozide,propranolol,0,Meta
1657,ramipril,quinapril,106330,Meta
1658,spironolactone,quinapril,46411,Meta
1659,telmisartan,quinapril,49329,Meta
1660,terazosin,quinapril,39543,Meta
1661,torsemide,quinapril,0,Meta
1662,trandolapril,quinapril,0,Meta
1663,triamterene,quinapril,0,Meta
1664,valsartan,quinapril,127549,Meta
1665,verapamil,quinapril,58867,Meta
1666,co-amilozide,quinapril,0,Meta
1667,spironolactone,ramipril,96268,Meta
1668,telmisartan,ramipril,99164,Meta
1669,terazosin,ramipril,98837,Meta
1670,torsemide,ramipril,0,Meta
1671,trandolapril,ramipril,0,Meta
1672,triamterene,ramipril,0,Meta
1673,valsartan,ramipril,191690,Meta
1674,verapamil,ramipril,117820,Meta
1675,co-amilozide,ramipril,0,Meta
1676,telmisartan,spironolactone,39241,Meta
1677,terazosin,spironolactone,29422,Meta
1678,torsemide,spironolactone,0,Meta
1679,trandolapril,spironolactone,0,Meta
1680,triamterene,spironolactone,0,Meta
1681,valsartan,spironolactone,119202,Meta
1682,verapamil,spironolactone,48793,Meta
1683,co-amilozide,spironolactone,0,Meta
1684,terazosin,telmisartan,32350,Meta
1685,torsemide,telmisartan,0,Meta
1686,trandolapril,telmisartan,0,Meta
1687,triamterene,telmisartan,0,Meta
1688,valsartan,telmisartan,139125,Meta
1689,verapamil,telmisartan,51693,Meta
1690,co-amilozide,telmisartan,0,Meta
1691,torsemide,terazosin,0,Meta
1692,trandolapril,terazosin,0,Meta
1693,triamterene,terazosin,0,Meta
1694,valsartan,terazosin,122325,Meta
1695,verapamil,terazosin,47049,Meta
1696,co-amilozide,terazosin,0,Meta
1697,trandolapril,torsemide,0,Meta
1698,triamterene,torsemide,0,Meta
1699,valsartan,torsemide,0,Meta
1700,verapamil,torsemide,0,Meta
1701,co-amilozide,torsemide,0,Meta
1702,triamterene,trandolapril,0,Meta
1703,valsartan,trandolapril,0,Meta
1704,verapamil,trandolapril,0,Meta
1705,co-amilozide,trandolapril,0,Meta
1706,valsartan,triamterene,0,Meta
1707,verapamil,triamterene,0,Meta
1708,co-amilozide,triamterene,0,Meta
1709,verapamil,valsartan,130888,Meta
1710,co-amilozide,valsartan,0,Meta
1711,co-amilozide,verapamil,0,Meta
